study_id,volume_id,reconstruction
train_13281_a,train_13281_a_1,1
train_10735_a,train_10735_a_1,1
train_18109_a,train_18109_a_1,1
train_1722_a,train_1722_a_1,1
train_16581_a,train_16581_a_1,1
train_14112_a,train_14112_a_1,1
train_1302_a,train_1302_a_1,1
train_8081_a,train_8081_a_1,1
train_12561_a,train_12561_a_1,1
train_9412_a,train_9412_a_1,1
train_4440_a,train_4440_a_1,1
train_10935_a,train_10935_a_1,1
train_10877_a,train_10877_a_1,1
train_12761_a,train_12761_a_1,1
train_16446_a,train_16446_a_1,1
train_1686_a,train_1686_a_1,1
train_1051_a,train_1051_a_1,1
train_6135_a,train_6135_a_1,1
train_16768_a,train_16768_a_1,1
train_14130_a,train_14130_a_1,1
train_7148_a,train_7148_a_1,1
train_2762_a,train_2762_a_1,1
train_895_a,train_895_a_1,1
train_6805_a,train_6805_a_1,1
train_18309_a,train_18309_a_1,1
train_10547_a,train_10547_a_1,1
train_16559_a,train_16559_a_1,1
train_10605_a,train_10605_a_1,1
train_18063_a,train_18063_a_1,1
train_1224_a,train_1224_a_1,1
train_3177_a,train_3177_a_1,1
train_18325_a,train_18325_a_1,1
train_9526_a,train_9526_a_1,1
train_13056_a,train_13056_a_1,1
train_8399_a,train_8399_a_1,1
train_12335_a,train_12335_a_1,1
train_12909_a,train_12909_a_1,1
train_16924_a,train_16924_a_1,1
train_13041_a,train_13041_a_1,1
train_2295_a,train_2295_a_1,1
train_8627_a,train_8627_a_1,1
train_8454_a,train_8454_a_1,1
train_12427_a,train_12427_a_1,1
train_13759_a,train_13759_a_1,1
train_15353_a,train_15353_a_1,1
train_1760_a,train_1760_a_1,1
train_19650_a,train_19650_a_1,1
train_7235_a,train_7235_a_1,1
train_4534_a,train_4534_a_1,1
train_12302_a,train_12302_a_1,1
train_1291_a,train_1291_a_1,1
train_18538_a,train_18538_a_1,1
train_10480_a,train_10480_a_1,1
train_18342_a,train_18342_a_1,1
train_12270_a,train_12270_a_1,1
train_4308_a,train_4308_a_1,1
train_12719_a,train_12719_a_1,1
train_8146_a,train_8146_a_1,1
train_2307_a,train_2307_a_1,1
train_17323_a,train_17323_a_1,1
train_11688_a,train_11688_a_1,1
train_13535_a,train_13535_a_1,1
train_14332_a,train_14332_a_1,1
train_8703_a,train_8703_a_1,1
train_2708_a,train_2708_a_1,1
train_6867_a,train_6867_a_1,1
train_608_a,train_608_a_1,1
train_9298_a,train_9298_a_1,1
train_16490_a,train_16490_a_1,1
train_7032_a,train_7032_a_1,1
train_2674_a,train_2674_a_1,1
train_16266_a,train_16266_a_1,1
train_16886_a,train_16886_a_1,1
train_16037_a,train_16037_a_1,1
train_17561_a,train_17561_a_1,1
train_3677_a,train_3677_a_1,1
train_12702_a,train_12702_a_1,1
train_4122_a,train_4122_a_1,1
train_4096_a,train_4096_a_1,1
train_1078_a,train_1078_a_1,1
train_7537_a,train_7537_a_1,1
train_2960_a,train_2960_a_1,1
train_8156_a,train_8156_a_1,1
train_14077_a,train_14077_a_1,1
train_9159_a,train_9159_a_1,1
train_16661_a,train_16661_a_1,1
train_10420_a,train_10420_a_1,1
train_18190_a,train_18190_a_1,1
train_11969_a,train_11969_a_1,1
train_9375_a,train_9375_a_1,1
train_9339_a,train_9339_a_1,1
train_2375_a,train_2375_a_1,1
train_19835_a,train_19835_a_1,1
train_13903_a,train_13903_a_1,1
train_12399_a,train_12399_a_1,1
train_13588_a,train_13588_a_1,1
train_10245_a,train_10245_a_1,1
train_583_a,train_583_a_1,1
train_18332_a,train_18332_a_1,1
train_7812_a,train_7812_a_1,1
train_17709_a,train_17709_a_1,1
train_17236_a,train_17236_a_1,1
train_11235_a,train_11235_a_1,1
train_5262_a,train_5262_a_1,1
train_1543_a,train_1543_a_1,1
train_5451_a,train_5451_a_1,1
train_18689_a,train_18689_a_1,1
train_16868_a,train_16868_a_1,1
train_18619_a,train_18619_a_1,1
train_367_a,train_367_a_1,1
train_12449_a,train_12449_a_1,1
train_16197_a,train_16197_a_1,1
train_3727_a,train_3727_a_1,1
train_10600_a,train_10600_a_1,1
train_12159_a,train_12159_a_1,1
train_12086_a,train_12086_a_1,1
train_6808_a,train_6808_a_1,1
train_9837_a,train_9837_a_1,1
train_12016_a,train_12016_a_1,1
train_6195_a,train_6195_a_1,1
train_12490_a,train_12490_a_1,1
train_14521_a,train_14521_a_1,1
train_5839_a,train_5839_a_1,1
train_323_a,train_323_a_1,1
train_10635_a,train_10635_a_1,1
train_15279_a,train_15279_a_1,1
train_17206_a,train_17206_a_1,1
train_18323_a,train_18323_a_1,1
train_559_a,train_559_a_1,1
train_3067_a,train_3067_a_1,1
train_14809_a,train_14809_a_1,1
train_15480_a,train_15480_a_1,1
train_14783_a,train_14783_a_1,1
train_4234_a,train_4234_a_1,1
train_11102_a,train_11102_a_1,1
train_5303_a,train_5303_a_1,1
train_19716_a,train_19716_a_1,1
train_1099_a,train_1099_a_1,1
train_19457_a,train_19457_a_1,1
train_15457_a,train_15457_a_1,1
train_11855_a,train_11855_a_1,1
train_13881_a,train_13881_a_1,1
train_17365_a,train_17365_a_1,1
train_13792_a,train_13792_a_1,1
train_7602_a,train_7602_a_1,1
train_5018_a,train_5018_a_1,1
train_6043_a,train_6043_a_1,1
train_2228_a,train_2228_a_1,1
train_17863_a,train_17863_a_1,1
train_7545_a,train_7545_a_1,1
train_16836_a,train_16836_a_1,1
train_1472_a,train_1472_a_1,1
train_3135_a,train_3135_a_1,1
train_6390_a,train_6390_a_1,1
train_9761_a,train_9761_a_1,1
train_9699_a,train_9699_a_1,1
train_5821_a,train_5821_a_1,1
train_5518_a,train_5518_a_1,1
train_5274_a,train_5274_a_1,1
train_6762_a,train_6762_a_1,1
train_17901_a,train_17901_a_1,1
train_10368_a,train_10368_a_1,1
train_9992_a,train_9992_a_1,1
train_9329_a,train_9329_a_1,1
train_19980_a,train_19980_a_1,1
train_8010_a,train_8010_a_1,1
train_16003_a,train_16003_a_1,1
train_8034_a,train_8034_a_1,1
train_16812_a,train_16812_a_1,1
train_4062_a,train_4062_a_1,1
train_17727_a,train_17727_a_1,1
train_16304_a,train_16304_a_1,1
train_18568_a,train_18568_a_1,1
train_16966_a,train_16966_a_1,1
train_5309_a,train_5309_a_1,1
train_1037_a,train_1037_a_1,1
train_12472_a,train_12472_a_1,1
train_52_a,train_52_a_1,1
train_8458_a,train_8458_a_1,1
train_5220_a,train_5220_a_1,1
train_19653_a,train_19653_a_1,1
train_13980_a,train_13980_a_1,1
train_8353_a,train_8353_a_1,1
train_10717_a,train_10717_a_1,1
train_14089_a,train_14089_a_1,1
train_16543_a,train_16543_a_1,1
train_14408_a,train_14408_a_1,1
train_18451_a,train_18451_a_1,1
train_13989_a,train_13989_a_1,1
train_19758_a,train_19758_a_1,1
train_398_a,train_398_a_1,1
train_7888_a,train_7888_a_1,1
train_12520_a,train_12520_a_1,1
train_17388_a,train_17388_a_1,1
train_13729_a,train_13729_a_1,1
train_8171_a,train_8171_a_1,1
train_10252_a,train_10252_a_1,1
train_18607_a,train_18607_a_1,1
train_14892_a,train_14892_a_1,1
train_7548_a,train_7548_a_1,1
train_4653_a,train_4653_a_1,1
train_5061_a,train_5061_a_1,1
train_8632_a,train_8632_a_1,1
train_15698_a,train_15698_a_1,1
train_17665_a,train_17665_a_1,1
train_5828_a,train_5828_a_1,1
train_11179_a,train_11179_a_1,1
train_19796_a,train_19796_a_1,1
train_12949_a,train_12949_a_1,1
train_10507_a,train_10507_a_1,1
train_12198_a,train_12198_a_1,1
train_6058_a,train_6058_a_1,1
train_15684_a,train_15684_a_1,1
train_15031_a,train_15031_a_1,1
train_8105_a,train_8105_a_1,1
train_18819_a,train_18819_a_1,1
train_12129_a,train_12129_a_1,1
train_1208_a,train_1208_a_1,1
train_9327_a,train_9327_a_1,1
train_4383_a,train_4383_a_1,1
train_15815_a,train_15815_a_1,1
train_12732_a,train_12732_a_1,1
train_41_a,train_41_a_1,1
train_6609_a,train_6609_a_1,1
train_17011_a,train_17011_a_1,1
train_11786_a,train_11786_a_1,1
train_4481_a,train_4481_a_1,1
train_14030_a,train_14030_a_1,1
train_3131_a,train_3131_a_1,1
train_3871_a,train_3871_a_1,1
train_14119_a,train_14119_a_1,1
train_12780_a,train_12780_a_1,1
train_287_a,train_287_a_1,1
train_9219_a,train_9219_a_1,1
train_2076_a,train_2076_a_1,1
train_3148_a,train_3148_a_1,1
train_14171_a,train_14171_a_1,1
train_5694_a,train_5694_a_1,1
train_14780_a,train_14780_a_1,1
train_5799_a,train_5799_a_1,1
train_19763_a,train_19763_a_1,1
train_8705_a,train_8705_a_1,1
train_110_a,train_110_a_1,1
train_10445_a,train_10445_a_1,1
train_16831_a,train_16831_a_1,1
train_6117_a,train_6117_a_1,1
train_1985_a,train_1985_a_1,1
train_4982_a,train_4982_a_1,1
train_10996_a,train_10996_a_1,1
train_11926_a,train_11926_a_1,1
train_16079_a,train_16079_a_1,1
train_2394_a,train_2394_a_1,1
train_5787_a,train_5787_a_1,1
train_19407_a,train_19407_a_1,1
train_13739_a,train_13739_a_1,1
train_389_a,train_389_a_1,1
train_13905_a,train_13905_a_1,1
train_8897_a,train_8897_a_1,1
train_19478_a,train_19478_a_1,1
train_15702_a,train_15702_a_1,1
train_7378_a,train_7378_a_1,1
train_18002_a,train_18002_a_1,1
train_11630_a,train_11630_a_1,1
train_2795_a,train_2795_a_1,1
train_1900_a,train_1900_a_1,1
train_5264_a,train_5264_a_1,1
train_6986_a,train_6986_a_1,1
train_14961_a,train_14961_a_1,1
train_13068_a,train_13068_a_1,1
train_2918_a,train_2918_a_1,1
train_17739_a,train_17739_a_1,1
train_9270_a,train_9270_a_1,1
train_19447_a,train_19447_a_1,1
train_10108_a,train_10108_a_1,1
train_5817_a,train_5817_a_1,1
train_17490_a,train_17490_a_1,1
train_10006_a,train_10006_a_1,1
train_5288_a,train_5288_a_1,1
train_6962_a,train_6962_a_1,1
train_16858_a,train_16858_a_1,1
train_18271_a,train_18271_a_1,1
train_3923_a,train_3923_a_1,1
train_11065_a,train_11065_a_1,1
train_16819_a,train_16819_a_1,1
train_1893_a,train_1893_a_1,1
train_18050_a,train_18050_a_1,1
train_5891_a,train_5891_a_1,1
train_13874_a,train_13874_a_1,1
train_16795_a,train_16795_a_1,1
train_3589_a,train_3589_a_1,1
train_4072_a,train_4072_a_1,1
train_11402_a,train_11402_a_1,1
train_16031_a,train_16031_a_1,1
train_14345_a,train_14345_a_1,1
train_2256_a,train_2256_a_1,1
train_4917_a,train_4917_a_1,1
train_15165_a,train_15165_a_1,1
train_3443_a,train_3443_a_1,1
train_2654_a,train_2654_a_1,1
train_3161_a,train_3161_a_1,1
train_15572_a,train_15572_a_1,1
train_1531_a,train_1531_a_1,1
train_19209_a,train_19209_a_1,1
train_3376_a,train_3376_a_1,1
train_2978_a,train_2978_a_1,1
train_9349_a,train_9349_a_1,1
train_19945_a,train_19945_a_1,1
train_12359_a,train_12359_a_1,1
train_18009_a,train_18009_a_1,1
train_14216_a,train_14216_a_1,1
train_6241_a,train_6241_a_1,1
train_19695_a,train_19695_a_1,1
train_1903_a,train_1903_a_1,1
train_17791_a,train_17791_a_1,1
train_11485_a,train_11485_a_1,1
train_15814_a,train_15814_a_1,1
train_9157_a,train_9157_a_1,1
train_12079_a,train_12079_a_1,1
train_1215_a,train_1215_a_1,1
train_5485_a,train_5485_a_1,1
train_2181_a,train_2181_a_1,1
train_16489_a,train_16489_a_1,1
train_14455_a,train_14455_a_1,1
train_9304_a,train_9304_a_1,1
train_6359_a,train_6359_a_1,1
train_18000_a,train_18000_a_1,1
train_5557_a,train_5557_a_1,1
train_2262_a,train_2262_a_1,1
train_7368_a,train_7368_a_1,1
train_6773_a,train_6773_a_1,1
train_2943_a,train_2943_a_1,1
train_19658_a,train_19658_a_1,1
train_6586_a,train_6586_a_1,1
train_14844_a,train_14844_a_1,1
train_8822_a,train_8822_a_1,1
train_17424_a,train_17424_a_1,1
train_2356_a,train_2356_a_1,1
train_9297_a,train_9297_a_1,1
train_2625_a,train_2625_a_1,1
train_10982_a,train_10982_a_1,1
train_2164_a,train_2164_a_1,1
train_97_a,train_97_a_1,1
train_14753_a,train_14753_a_1,1
train_14596_a,train_14596_a_1,1
train_18317_a,train_18317_a_1,1
train_4581_a,train_4581_a_1,1
train_17518_a,train_17518_a_1,1
train_12171_a,train_12171_a_1,1
train_2545_a,train_2545_a_1,1
train_16976_a,train_16976_a_1,1
train_19839_a,train_19839_a_1,1
train_1902_a,train_1902_a_1,1
train_12313_a,train_12313_a_1,1
train_18397_a,train_18397_a_1,1
train_5558_a,train_5558_a_1,1
train_12242_a,train_12242_a_1,1
train_13105_a,train_13105_a_1,1
train_586_a,train_586_a_1,1
train_16829_a,train_16829_a_1,1
train_8838_a,train_8838_a_1,1
train_4491_a,train_4491_a_1,1
train_8267_a,train_8267_a_1,1
train_11617_a,train_11617_a_1,1
train_9520_a,train_9520_a_1,1
train_15844_a,train_15844_a_1,1
train_8512_a,train_8512_a_1,1
train_10545_a,train_10545_a_1,1
train_5130_a,train_5130_a_1,1
train_9617_a,train_9617_a_1,1
train_8089_a,train_8089_a_1,1
train_10530_a,train_10530_a_1,1
train_588_a,train_588_a_1,1
train_17800_a,train_17800_a_1,1
train_19947_a,train_19947_a_1,1
train_2333_a,train_2333_a_1,1
train_11226_a,train_11226_a_1,1
train_14541_a,train_14541_a_1,1
train_10343_a,train_10343_a_1,1
train_5278_a,train_5278_a_1,1
train_17515_a,train_17515_a_1,1
train_5170_a,train_5170_a_1,1
train_3176_a,train_3176_a_1,1
train_1272_a,train_1272_a_1,1
train_10444_a,train_10444_a_1,1
train_5321_a,train_5321_a_1,1
train_12245_a,train_12245_a_1,1
train_5938_a,train_5938_a_1,1
train_19000_a,train_19000_a_1,1
train_5440_a,train_5440_a_1,1
train_10349_a,train_10349_a_1,1
train_5627_a,train_5627_a_1,1
train_1087_a,train_1087_a_1,1
train_1708_a,train_1708_a_1,1
train_4485_a,train_4485_a_1,1
train_2403_a,train_2403_a_1,1
train_10114_a,train_10114_a_1,1
train_4969_a,train_4969_a_1,1
train_2435_a,train_2435_a_1,1
train_9927_a,train_9927_a_1,1
train_7849_a,train_7849_a_1,1
train_19609_a,train_19609_a_1,1
train_11003_a,train_11003_a_1,1
train_19053_a,train_19053_a_1,1
train_10264_a,train_10264_a_1,1
train_16755_a,train_16755_a_1,1
train_8381_a,train_8381_a_1,1
train_9504_a,train_9504_a_1,1
train_16610_a,train_16610_a_1,1
train_4210_a,train_4210_a_1,1
train_2710_a,train_2710_a_1,1
train_2877_a,train_2877_a_1,1
train_3989_a,train_3989_a_1,1
train_11850_a,train_11850_a_1,1
train_7396_a,train_7396_a_1,1
train_8880_a,train_8880_a_1,1
train_8075_a,train_8075_a_1,1
train_19069_a,train_19069_a_1,1
train_1304_a,train_1304_a_1,1
train_12429_a,train_12429_a_1,1
train_14186_a,train_14186_a_1,1
train_13813_a,train_13813_a_1,1
train_5697_a,train_5697_a_1,1
train_2236_a,train_2236_a_1,1
train_18968_a,train_18968_a_1,1
train_2376_a,train_2376_a_1,1
train_19910_a,train_19910_a_1,1
train_19450_a,train_19450_a_1,1
train_14613_a,train_14613_a_1,1
train_9819_a,train_9819_a_1,1
train_252_a,train_252_a_1,1
train_7687_a,train_7687_a_1,1
train_2527_a,train_2527_a_1,1
train_5203_a,train_5203_a_1,1
train_15864_a,train_15864_a_1,1
train_17036_a,train_17036_a_1,1
train_13343_a,train_13343_a_1,1
train_8311_a,train_8311_a_1,1
train_18794_a,train_18794_a_1,1
train_15016_a,train_15016_a_1,1
train_11296_a,train_11296_a_1,1
train_15461_a,train_15461_a_1,1
train_16361_a,train_16361_a_1,1
train_1162_a,train_1162_a_1,1
train_825_a,train_825_a_1,1
train_14243_a,train_14243_a_1,1
train_16322_a,train_16322_a_1,1
train_11673_a,train_11673_a_1,1
train_12039_a,train_12039_a_1,1
train_7603_a,train_7603_a_1,1
train_5326_a,train_5326_a_1,1
train_10517_a,train_10517_a_1,1
train_6593_a,train_6593_a_1,1
train_10110_a,train_10110_a_1,1
train_780_a,train_780_a_1,1
train_16167_a,train_16167_a_1,1
train_5030_a,train_5030_a_1,1
train_14920_a,train_14920_a_1,1
train_14057_a,train_14057_a_1,1
train_11646_a,train_11646_a_1,1
train_18289_a,train_18289_a_1,1
train_11566_a,train_11566_a_1,1
train_8417_a,train_8417_a_1,1
train_1801_a,train_1801_a_1,1
train_4456_a,train_4456_a_1,1
train_11048_a,train_11048_a_1,1
train_17912_a,train_17912_a_1,1
train_19557_a,train_19557_a_1,1
train_18730_a,train_18730_a_1,1
train_7212_a,train_7212_a_1,1
train_10596_a,train_10596_a_1,1
train_12997_a,train_12997_a_1,1
train_4770_a,train_4770_a_1,1
train_3669_a,train_3669_a_1,1
train_1471_a,train_1471_a_1,1
train_11324_a,train_11324_a_1,1
train_17559_a,train_17559_a_1,1
train_19886_a,train_19886_a_1,1
train_15382_a,train_15382_a_1,1
train_5762_a,train_5762_a_1,1
train_10401_a,train_10401_a_1,1
train_5620_a,train_5620_a_1,1
train_4764_a,train_4764_a_1,1
train_11089_a,train_11089_a_1,1
train_19206_a,train_19206_a_1,1
train_919_a,train_919_a_1,1
train_5780_a,train_5780_a_1,1
train_8917_a,train_8917_a_1,1
train_13661_a,train_13661_a_1,1
train_248_a,train_248_a_1,1
train_11791_a,train_11791_a_1,1
train_19565_a,train_19565_a_1,1
train_16011_a,train_16011_a_1,1
train_16648_a,train_16648_a_1,1
train_9945_a,train_9945_a_1,1
train_4611_a,train_4611_a_1,1
train_6073_a,train_6073_a_1,1
train_4688_a,train_4688_a_1,1
train_14595_a,train_14595_a_1,1
train_17225_a,train_17225_a_1,1
train_12225_a,train_12225_a_1,1
train_3729_a,train_3729_a_1,1
train_3976_a,train_3976_a_1,1
train_14535_a,train_14535_a_1,1
train_19320_a,train_19320_a_1,1
train_375_a,train_375_a_1,1
train_7491_a,train_7491_a_1,1
train_8549_a,train_8549_a_1,1
train_1056_a,train_1056_a_1,1
train_17657_a,train_17657_a_1,1
train_8606_a,train_8606_a_1,1
train_19719_a,train_19719_a_1,1
train_4368_a,train_4368_a_1,1
train_8945_a,train_8945_a_1,1
train_8873_a,train_8873_a_1,1
train_14294_a,train_14294_a_1,1
train_811_a,train_811_a_1,1
train_10081_a,train_10081_a_1,1
train_16299_a,train_16299_a_1,1
train_12410_a,train_12410_a_1,1
train_3001_a,train_3001_a_1,1
train_11964_a,train_11964_a_1,1
train_6360_a,train_6360_a_1,1
train_3692_a,train_3692_a_1,1
train_4204_a,train_4204_a_1,1
train_3621_a,train_3621_a_1,1
train_17477_a,train_17477_a_1,1
train_9555_a,train_9555_a_1,1
train_14717_a,train_14717_a_1,1
train_9230_a,train_9230_a_1,1
train_14514_a,train_14514_a_1,1
train_19325_a,train_19325_a_1,1
train_16967_a,train_16967_a_1,1
train_3159_a,train_3159_a_1,1
train_17747_a,train_17747_a_1,1
train_10018_a,train_10018_a_1,1
train_12604_a,train_12604_a_1,1
train_1129_a,train_1129_a_1,1
train_2160_a,train_2160_a_1,1
train_547_a,train_547_a_1,1
train_10680_a,train_10680_a_1,1
train_506_a,train_506_a_1,1
train_19253_a,train_19253_a_1,1
train_4054_a,train_4054_a_1,1
train_1419_a,train_1419_a_1,1
train_5241_a,train_5241_a_1,1
train_13708_a,train_13708_a_1,1
train_8626_a,train_8626_a_1,1
train_143_a,train_143_a_1,1
train_8041_a,train_8041_a_1,1
train_13916_a,train_13916_a_1,1
train_16613_a,train_16613_a_1,1
train_10096_a,train_10096_a_1,1
train_15975_a,train_15975_a_1,1
train_7297_a,train_7297_a_1,1
train_4541_a,train_4541_a_1,1
train_17679_a,train_17679_a_1,1
train_457_a,train_457_a_1,1
train_17132_a,train_17132_a_1,1
train_9800_a,train_9800_a_1,1
train_5355_a,train_5355_a_1,1
train_12662_a,train_12662_a_1,1
train_3683_a,train_3683_a_1,1
train_6897_a,train_6897_a_1,1
train_8165_a,train_8165_a_1,1
train_7276_a,train_7276_a_1,1
train_5158_a,train_5158_a_1,1
train_15352_a,train_15352_a_1,1
train_16905_a,train_16905_a_1,1
train_11462_a,train_11462_a_1,1
train_17606_a,train_17606_a_1,1
train_8484_a,train_8484_a_1,1
train_19556_a,train_19556_a_1,1
train_1474_a,train_1474_a_1,1
train_651_a,train_651_a_1,1
train_4583_a,train_4583_a_1,1
train_5955_a,train_5955_a_1,1
train_15510_a,train_15510_a_1,1
train_14907_a,train_14907_a_1,1
train_18727_a,train_18727_a_1,1
train_8460_a,train_8460_a_1,1
train_18746_a,train_18746_a_1,1
train_13070_a,train_13070_a_1,1
train_14909_a,train_14909_a_1,1
train_15515_a,train_15515_a_1,1
train_14008_a,train_14008_a_1,1
train_1392_a,train_1392_a_1,1
train_8668_a,train_8668_a_1,1
train_8882_a,train_8882_a_1,1
train_10453_a,train_10453_a_1,1
train_747_a,train_747_a_1,1
train_9467_a,train_9467_a_1,1
train_15618_a,train_15618_a_1,1
train_245_a,train_245_a_1,1
train_16349_a,train_16349_a_1,1
train_13444_a,train_13444_a_1,1
train_10369_a,train_10369_a_1,1
train_12167_a,train_12167_a_1,1
train_14264_a,train_14264_a_1,1
train_19640_a,train_19640_a_1,1
train_7567_a,train_7567_a_1,1
train_823_a,train_823_a_1,1
train_1986_a,train_1986_a_1,1
train_14675_a,train_14675_a_1,1
train_7406_a,train_7406_a_1,1
train_9883_a,train_9883_a_1,1
train_9419_a,train_9419_a_1,1
train_14369_a,train_14369_a_1,1
train_7009_a,train_7009_a_1,1
train_10312_a,train_10312_a_1,1
train_1805_a,train_1805_a_1,1
train_15910_a,train_15910_a_1,1
train_13488_a,train_13488_a_1,1
train_875_a,train_875_a_1,1
train_18039_a,train_18039_a_1,1
train_19244_a,train_19244_a_1,1
train_13193_a,train_13193_a_1,1
train_11868_a,train_11868_a_1,1
train_15068_a,train_15068_a_1,1
train_6288_a,train_6288_a_1,1
train_9797_a,train_9797_a_1,1
train_2790_a,train_2790_a_1,1
train_15276_a,train_15276_a_1,1
train_15306_a,train_15306_a_1,1
train_3551_a,train_3551_a_1,1
train_8318_a,train_8318_a_1,1
train_3778_a,train_3778_a_1,1
train_14425_a,train_14425_a_1,1
train_15992_a,train_15992_a_1,1
train_9481_a,train_9481_a_1,1
train_13638_a,train_13638_a_1,1
train_17991_a,train_17991_a_1,1
train_13075_a,train_13075_a_1,1
train_8746_a,train_8746_a_1,1
train_4656_a,train_4656_a_1,1
train_6219_a,train_6219_a_1,1
train_17511_a,train_17511_a_1,1
train_5121_a,train_5121_a_1,1
train_8352_a,train_8352_a_1,1
train_3577_a,train_3577_a_1,1
train_17258_a,train_17258_a_1,1
train_2949_a,train_2949_a_1,1
train_12005_a,train_12005_a_1,1
train_17621_a,train_17621_a_1,1
train_14368_a,train_14368_a_1,1
train_11537_a,train_11537_a_1,1
train_14743_a,train_14743_a_1,1
train_18778_a,train_18778_a_1,1
train_11897_a,train_11897_a_1,1
train_4928_a,train_4928_a_1,1
train_13172_a,train_13172_a_1,1
train_16988_a,train_16988_a_1,1
train_3763_a,train_3763_a_1,1
train_6297_a,train_6297_a_1,1
train_3922_a,train_3922_a_1,1
train_16058_a,train_16058_a_1,1
train_4869_a,train_4869_a_1,1
train_18958_a,train_18958_a_1,1
train_8497_a,train_8497_a_1,1
train_6846_a,train_6846_a_1,1
train_3548_a,train_3548_a_1,1
train_1507_a,train_1507_a_1,1
train_8541_a,train_8541_a_1,1
train_13026_a,train_13026_a_1,1
train_9476_a,train_9476_a_1,1
train_3318_a,train_3318_a_1,1
train_7437_a,train_7437_a_1,1
train_4316_a,train_4316_a_1,1
train_16130_a,train_16130_a_1,1
train_957_a,train_957_a_1,1
train_12992_a,train_12992_a_1,1
train_7527_a,train_7527_a_1,1
train_9917_a,train_9917_a_1,1
train_12306_a,train_12306_a_1,1
train_18116_a,train_18116_a_1,1
train_12615_a,train_12615_a_1,1
train_19728_a,train_19728_a_1,1
train_19776_a,train_19776_a_1,1
train_253_a,train_253_a_1,1
train_13287_a,train_13287_a_1,1
train_3664_a,train_3664_a_1,1
train_5211_a,train_5211_a_1,1
train_7598_a,train_7598_a_1,1
train_6584_a,train_6584_a_1,1
train_18385_a,train_18385_a_1,1
train_18833_a,train_18833_a_1,1
train_10987_a,train_10987_a_1,1
train_8223_a,train_8223_a_1,1
train_19487_a,train_19487_a_1,1
train_10500_a,train_10500_a_1,1
train_3475_a,train_3475_a_1,1
train_2433_a,train_2433_a_1,1
train_6672_a,train_6672_a_1,1
train_11049_a,train_11049_a_1,1
train_9847_a,train_9847_a_1,1
train_11947_a,train_11947_a_1,1
train_8422_a,train_8422_a_1,1
train_12988_a,train_12988_a_1,1
train_10625_a,train_10625_a_1,1
train_5150_a,train_5150_a_1,1
train_14317_a,train_14317_a_1,1
train_15054_a,train_15054_a_1,1
train_7746_a,train_7746_a_1,1
train_8948_a,train_8948_a_1,1
train_10658_a,train_10658_a_1,1
train_12770_a,train_12770_a_1,1
train_8566_a,train_8566_a_1,1
train_14159_a,train_14159_a_1,1
train_12738_a,train_12738_a_1,1
train_16313_a,train_16313_a_1,1
train_1953_a,train_1953_a_1,1
train_13471_a,train_13471_a_1,1
train_4133_a,train_4133_a_1,1
train_18699_a,train_18699_a_1,1
train_18630_a,train_18630_a_1,1
train_18698_a,train_18698_a_1,1
train_14325_a,train_14325_a_1,1
train_827_a,train_827_a_1,1
train_11054_a,train_11054_a_1,1
train_19710_a,train_19710_a_1,1
train_4703_a,train_4703_a_1,1
train_12751_a,train_12751_a_1,1
train_773_a,train_773_a_1,1
train_12450_a,train_12450_a_1,1
train_11700_a,train_11700_a_1,1
train_12238_a,train_12238_a_1,1
train_10540_a,train_10540_a_1,1
train_10373_a,train_10373_a_1,1
train_6826_a,train_6826_a_1,1
train_7125_a,train_7125_a_1,1
train_6201_a,train_6201_a_1,1
train_19699_a,train_19699_a_1,1
train_17397_a,train_17397_a_1,1
train_18974_a,train_18974_a_1,1
train_16811_a,train_16811_a_1,1
train_10501_a,train_10501_a_1,1
train_11020_a,train_11020_a_1,1
train_12677_a,train_12677_a_1,1
train_17433_a,train_17433_a_1,1
train_4173_a,train_4173_a_1,1
train_6836_a,train_6836_a_1,1
train_14319_a,train_14319_a_1,1
train_14501_a,train_14501_a_1,1
train_2692_a,train_2692_a_1,1
train_10485_a,train_10485_a_1,1
train_5414_a,train_5414_a_1,1
train_14395_a,train_14395_a_1,1
train_16619_a,train_16619_a_1,1
train_13987_a,train_13987_a_1,1
train_12288_a,train_12288_a_1,1
train_14283_a,train_14283_a_1,1
train_14526_a,train_14526_a_1,1
train_12366_a,train_12366_a_1,1
train_19037_a,train_19037_a_1,1
train_9235_a,train_9235_a_1,1
train_7771_a,train_7771_a_1,1
train_16316_a,train_16316_a_1,1
train_8848_a,train_8848_a_1,1
train_16817_a,train_16817_a_1,1
train_11392_a,train_11392_a_1,1
train_3016_a,train_3016_a_1,1
train_17135_a,train_17135_a_1,1
train_18338_a,train_18338_a_1,1
train_19813_a,train_19813_a_1,1
train_2648_a,train_2648_a_1,1
train_6170_a,train_6170_a_1,1
train_10005_a,train_10005_a_1,1
train_13380_a,train_13380_a_1,1
train_6242_a,train_6242_a_1,1
train_2221_a,train_2221_a_1,1
train_1626_a,train_1626_a_1,1
train_11000_a,train_11000_a_1,1
train_3005_a,train_3005_a_1,1
train_2486_a,train_2486_a_1,1
train_8492_a,train_8492_a_1,1
train_13632_a,train_13632_a_1,1
train_15691_a,train_15691_a_1,1
train_11557_a,train_11557_a_1,1
train_9303_a,train_9303_a_1,1
train_8043_a,train_8043_a_1,1
train_17652_a,train_17652_a_1,1
train_10870_a,train_10870_a_1,1
train_6602_a,train_6602_a_1,1
train_14286_a,train_14286_a_1,1
train_15500_a,train_15500_a_1,1
train_8757_a,train_8757_a_1,1
train_19384_a,train_19384_a_1,1
train_7657_a,train_7657_a_1,1
train_3349_a,train_3349_a_1,1
train_109_a,train_109_a_1,1
train_13506_a,train_13506_a_1,1
train_17319_a,train_17319_a_1,1
train_5975_a,train_5975_a_1,1
train_10387_a,train_10387_a_1,1
train_17336_a,train_17336_a_1,1
train_19370_a,train_19370_a_1,1
train_12153_a,train_12153_a_1,1
train_4783_a,train_4783_a_1,1
train_12412_a,train_12412_a_1,1
train_13122_a,train_13122_a_1,1
train_844_a,train_844_a_1,1
train_18275_a,train_18275_a_1,1
train_19376_a,train_19376_a_1,1
train_19774_a,train_19774_a_1,1
train_11193_a,train_11193_a_1,1
train_9618_a,train_9618_a_1,1
train_12131_a,train_12131_a_1,1
train_4334_a,train_4334_a_1,1
train_13241_a,train_13241_a_1,1
train_18381_a,train_18381_a_1,1
train_605_a,train_605_a_1,1
train_13898_a,train_13898_a_1,1
train_17126_a,train_17126_a_1,1
train_17988_a,train_17988_a_1,1
train_10141_a,train_10141_a_1,1
train_1848_a,train_1848_a_1,1
train_16814_a,train_16814_a_1,1
train_9861_a,train_9861_a_1,1
train_15289_a,train_15289_a_1,1
train_3572_a,train_3572_a_1,1
train_11012_a,train_11012_a_1,1
train_7789_a,train_7789_a_1,1
train_11744_a,train_11744_a_1,1
train_2862_a,train_2862_a_1,1
train_3611_a,train_3611_a_1,1
train_14629_a,train_14629_a_1,1
train_2721_a,train_2721_a_1,1
train_13232_a,train_13232_a_1,1
train_6958_a,train_6958_a_1,1
train_11028_a,train_11028_a_1,1
train_12896_a,train_12896_a_1,1
train_12107_a,train_12107_a_1,1
train_8187_a,train_8187_a_1,1
train_7597_a,train_7597_a_1,1
train_10531_a,train_10531_a_1,1
train_2173_a,train_2173_a_1,1
train_13196_a,train_13196_a_1,1
train_8792_a,train_8792_a_1,1
train_5882_a,train_5882_a_1,1
train_2885_a,train_2885_a_1,1
train_2134_a,train_2134_a_1,1
train_4825_a,train_4825_a_1,1
train_10752_a,train_10752_a_1,1
train_9604_a,train_9604_a_1,1
train_4715_a,train_4715_a_1,1
train_15945_a,train_15945_a_1,1
train_7767_a,train_7767_a_1,1
train_5430_a,train_5430_a_1,1
train_17953_a,train_17953_a_1,1
train_6199_a,train_6199_a_1,1
train_13045_a,train_13045_a_1,1
train_9189_a,train_9189_a_1,1
train_2457_a,train_2457_a_1,1
train_2616_a,train_2616_a_1,1
train_983_a,train_983_a_1,1
train_19336_a,train_19336_a_1,1
train_7578_a,train_7578_a_1,1
train_5580_a,train_5580_a_1,1
train_14383_a,train_14383_a_1,1
train_6388_a,train_6388_a_1,1
train_7349_a,train_7349_a_1,1
train_5045_a,train_5045_a_1,1
train_6454_a,train_6454_a_1,1
train_10992_a,train_10992_a_1,1
train_8678_a,train_8678_a_1,1
train_13922_a,train_13922_a_1,1
train_4110_a,train_4110_a_1,1
train_9565_a,train_9565_a_1,1
train_17594_a,train_17594_a_1,1
train_6452_a,train_6452_a_1,1
train_17214_a,train_17214_a_1,1
train_1300_a,train_1300_a_1,1
train_7826_a,train_7826_a_1,1
train_9448_a,train_9448_a_1,1
train_6387_a,train_6387_a_1,1
train_14819_a,train_14819_a_1,1
train_18071_a,train_18071_a_1,1
train_1852_a,train_1852_a_1,1
train_9352_a,train_9352_a_1,1
train_15105_a,train_15105_a_1,1
train_6655_a,train_6655_a_1,1
train_832_a,train_832_a_1,1
train_11956_a,train_11956_a_1,1
train_12498_a,train_12498_a_1,1
train_14014_a,train_14014_a_1,1
train_8413_a,train_8413_a_1,1
train_4862_a,train_4862_a_1,1
train_2832_a,train_2832_a_1,1
train_18112_a,train_18112_a_1,1
train_18918_a,train_18918_a_1,1
train_19332_a,train_19332_a_1,1
train_8186_a,train_8186_a_1,1
train_19007_a,train_19007_a_1,1
train_8322_a,train_8322_a_1,1
train_14528_a,train_14528_a_1,1
train_12653_a,train_12653_a_1,1
train_19151_a,train_19151_a_1,1
train_10057_a,train_10057_a_1,1
train_19137_a,train_19137_a_1,1
train_7549_a,train_7549_a_1,1
train_11378_a,train_11378_a_1,1
train_2716_a,train_2716_a_1,1
train_10063_a,train_10063_a_1,1
train_8736_a,train_8736_a_1,1
train_6964_a,train_6964_a_1,1
train_15861_a,train_15861_a_1,1
train_8923_a,train_8923_a_1,1
train_15385_a,train_15385_a_1,1
train_5180_a,train_5180_a_1,1
train_9971_a,train_9971_a_1,1
train_15671_a,train_15671_a_1,1
train_2050_a,train_2050_a_1,1
train_5435_a,train_5435_a_1,1
train_15865_a,train_15865_a_1,1
train_19021_a,train_19021_a_1,1
train_18785_a,train_18785_a_1,1
train_1967_a,train_1967_a_1,1
train_18810_a,train_18810_a_1,1
train_1849_a,train_1849_a_1,1
train_2657_a,train_2657_a_1,1
train_10990_a,train_10990_a_1,1
train_12767_a,train_12767_a_1,1
train_12334_a,train_12334_a_1,1
train_8786_a,train_8786_a_1,1
train_10301_a,train_10301_a_1,1
train_15152_a,train_15152_a_1,1
train_13361_a,train_13361_a_1,1
train_4955_a,train_4955_a_1,1
train_12194_a,train_12194_a_1,1
train_16823_a,train_16823_a_1,1
train_10611_a,train_10611_a_1,1
train_669_a,train_669_a_1,1
train_15822_a,train_15822_a_1,1
train_4767_a,train_4767_a_1,1
train_6859_a,train_6859_a_1,1
train_13505_a,train_13505_a_1,1
train_19788_a,train_19788_a_1,1
train_9009_a,train_9009_a_1,1
train_8224_a,train_8224_a_1,1
train_1513_a,train_1513_a_1,1
train_18970_a,train_18970_a_1,1
train_9537_a,train_9537_a_1,1
train_9735_a,train_9735_a_1,1
train_5225_a,train_5225_a_1,1
train_13301_a,train_13301_a_1,1
train_1384_a,train_1384_a_1,1
train_3881_a,train_3881_a_1,1
train_12535_a,train_12535_a_1,1
train_8106_a,train_8106_a_1,1
train_16878_a,train_16878_a_1,1
train_14274_a,train_14274_a_1,1
train_2253_a,train_2253_a_1,1
train_745_a,train_745_a_1,1
train_4584_a,train_4584_a_1,1
train_15809_a,train_15809_a_1,1
train_15175_a,train_15175_a_1,1
train_7933_a,train_7933_a_1,1
train_9531_a,train_9531_a_1,1
train_16774_a,train_16774_a_1,1
train_18672_a,train_18672_a_1,1
train_7095_a,train_7095_a_1,1
train_2175_a,train_2175_a_1,1
train_13561_a,train_13561_a_1,1
train_278_a,train_278_a_1,1
train_4858_a,train_4858_a_1,1
train_8576_a,train_8576_a_1,1
train_17123_a,train_17123_a_1,1
train_644_a,train_644_a_1,1
train_19812_a,train_19812_a_1,1
train_1909_a,train_1909_a_1,1
train_9016_a,train_9016_a_1,1
train_4630_a,train_4630_a_1,1
train_13541_a,train_13541_a_1,1
train_7799_a,train_7799_a_1,1
train_15533_a,train_15533_a_1,1
train_11350_a,train_11350_a_1,1
train_15172_a,train_15172_a_1,1
train_2511_a,train_2511_a_1,1
train_3312_a,train_3312_a_1,1
train_6909_a,train_6909_a_1,1
train_7197_a,train_7197_a_1,1
train_6890_a,train_6890_a_1,1
train_17038_a,train_17038_a_1,1
train_3713_a,train_3713_a_1,1
train_19347_a,train_19347_a_1,1
train_8969_a,train_8969_a_1,1
train_8079_a,train_8079_a_1,1
train_13066_a,train_13066_a_1,1
train_9725_a,train_9725_a_1,1
train_11529_a,train_11529_a_1,1
train_9208_a,train_9208_a_1,1
train_6334_a,train_6334_a_1,1
train_10025_a,train_10025_a_1,1
train_455_a,train_455_a_1,1
train_15478_a,train_15478_a_1,1
train_1112_a,train_1112_a_1,1
train_6407_a,train_6407_a_1,1
train_14617_a,train_14617_a_1,1
train_17346_a,train_17346_a_1,1
train_2940_a,train_2940_a_1,1
train_11903_a,train_11903_a_1,1
train_6511_a,train_6511_a_1,1
train_14446_a,train_14446_a_1,1
train_10356_a,train_10356_a_1,1
train_6066_a,train_6066_a_1,1
train_14311_a,train_14311_a_1,1
train_19353_a,train_19353_a_1,1
train_4571_a,train_4571_a_1,1
train_3092_a,train_3092_a_1,1
train_15847_a,train_15847_a_1,1
train_13400_a,train_13400_a_1,1
train_18556_a,train_18556_a_1,1
train_3321_a,train_3321_a_1,1
train_6031_a,train_6031_a_1,1
train_1661_a,train_1661_a_1,1
train_14344_a,train_14344_a_1,1
train_16289_a,train_16289_a_1,1
train_8745_a,train_8745_a_1,1
train_15441_a,train_15441_a_1,1
train_10890_a,train_10890_a_1,1
train_5290_a,train_5290_a_1,1
train_13796_a,train_13796_a_1,1
train_18207_a,train_18207_a_1,1
train_19082_a,train_19082_a_1,1
train_4528_a,train_4528_a_1,1
train_16887_a,train_16887_a_1,1
train_5424_a,train_5424_a_1,1
train_204_a,train_204_a_1,1
train_16287_a,train_16287_a_1,1
train_2725_a,train_2725_a_1,1
train_18669_a,train_18669_a_1,1
train_7585_a,train_7585_a_1,1
train_5605_a,train_5605_a_1,1
train_4030_a,train_4030_a_1,1
train_12727_a,train_12727_a_1,1
train_18169_a,train_18169_a_1,1
train_2976_a,train_2976_a_1,1
train_3764_a,train_3764_a_1,1
train_5283_a,train_5283_a_1,1
train_18361_a,train_18361_a_1,1
train_12976_a,train_12976_a_1,1
train_11377_a,train_11377_a_1,1
train_15476_a,train_15476_a_1,1
train_16298_a,train_16298_a_1,1
train_10649_a,train_10649_a_1,1
train_18561_a,train_18561_a_1,1
train_2845_a,train_2845_a_1,1
train_15712_a,train_15712_a_1,1
train_18435_a,train_18435_a_1,1
train_2593_a,train_2593_a_1,1
train_18767_a,train_18767_a_1,1
train_7398_a,train_7398_a_1,1
train_6712_a,train_6712_a_1,1
train_141_a,train_141_a_1,1
train_4552_a,train_4552_a_1,1
train_11132_a,train_11132_a_1,1
train_16903_a,train_16903_a_1,1
train_5961_a,train_5961_a_1,1
train_19877_a,train_19877_a_1,1
train_6466_a,train_6466_a_1,1
train_627_a,train_627_a_1,1
train_10857_a,train_10857_a_1,1
train_246_a,train_246_a_1,1
train_11820_a,train_11820_a_1,1
train_3086_a,train_3086_a_1,1
train_11019_a,train_11019_a_1,1
train_7893_a,train_7893_a_1,1
train_1253_a,train_1253_a_1,1
train_10428_a,train_10428_a_1,1
train_719_a,train_719_a_1,1
train_11685_a,train_11685_a_1,1
train_5714_a,train_5714_a_1,1
train_614_a,train_614_a_1,1
train_16117_a,train_16117_a_1,1
train_15450_a,train_15450_a_1,1
train_3362_a,train_3362_a_1,1
train_270_a,train_270_a_1,1
train_8529_a,train_8529_a_1,1
train_17162_a,train_17162_a_1,1
train_3564_a,train_3564_a_1,1
train_8847_a,train_8847_a_1,1
train_4616_a,train_4616_a_1,1
train_16677_a,train_16677_a_1,1
train_1549_a,train_1549_a_1,1
train_7393_a,train_7393_a_1,1
train_15983_a,train_15983_a_1,1
train_18508_a,train_18508_a_1,1
train_125_a,train_125_a_1,1
train_11333_a,train_11333_a_1,1
train_1820_a,train_1820_a_1,1
train_12872_a,train_12872_a_1,1
train_14911_a,train_14911_a_1,1
train_11543_a,train_11543_a_1,1
train_10833_a,train_10833_a_1,1
train_380_a,train_380_a_1,1
train_15458_a,train_15458_a_1,1
train_16303_a,train_16303_a_1,1
train_7913_a,train_7913_a_1,1
train_7966_a,train_7966_a_1,1
train_4033_a,train_4033_a_1,1
train_17260_a,train_17260_a_1,1
train_7897_a,train_7897_a_1,1
train_2078_a,train_2078_a_1,1
train_2731_a,train_2731_a_1,1
train_11170_a,train_11170_a_1,1
train_10856_a,train_10856_a_1,1
train_12044_a,train_12044_a_1,1
train_952_a,train_952_a_1,1
train_18551_a,train_18551_a_1,1
train_1114_a,train_1114_a_1,1
train_9587_a,train_9587_a_1,1
train_16994_a,train_16994_a_1,1
train_4827_a,train_4827_a_1,1
train_11240_a,train_11240_a_1,1
train_11059_a,train_11059_a_1,1
train_8938_a,train_8938_a_1,1
train_19266_a,train_19266_a_1,1
train_14202_a,train_14202_a_1,1
train_10360_a,train_10360_a_1,1
train_9400_a,train_9400_a_1,1
train_19785_a,train_19785_a_1,1
train_10265_a,train_10265_a_1,1
train_19394_a,train_19394_a_1,1
train_6088_a,train_6088_a_1,1
train_10235_a,train_10235_a_1,1
train_19949_a,train_19949_a_1,1
train_8071_a,train_8071_a_1,1
train_6819_a,train_6819_a_1,1
train_11983_a,train_11983_a_1,1
train_1536_a,train_1536_a_1,1
train_11002_a,train_11002_a_1,1
train_17934_a,train_17934_a_1,1
train_9773_a,train_9773_a_1,1
train_868_a,train_868_a_1,1
train_7119_a,train_7119_a_1,1
train_13156_a,train_13156_a_1,1
train_11285_a,train_11285_a_1,1
train_16522_a,train_16522_a_1,1
train_14258_a,train_14258_a_1,1
train_13666_a,train_13666_a_1,1
train_13009_a,train_13009_a_1,1
train_13555_a,train_13555_a_1,1
train_18912_a,train_18912_a_1,1
train_10542_a,train_10542_a_1,1
train_4483_a,train_4483_a_1,1
train_1349_a,train_1349_a_1,1
train_2800_a,train_2800_a_1,1
train_7613_a,train_7613_a_1,1
train_15597_a,train_15597_a_1,1
train_18152_a,train_18152_a_1,1
train_15421_a,train_15421_a_1,1
train_4802_a,train_4802_a_1,1
train_1397_a,train_1397_a_1,1
train_9542_a,train_9542_a_1,1
train_8976_a,train_8976_a_1,1
train_2478_a,train_2478_a_1,1
train_9296_a,train_9296_a_1,1
train_17179_a,train_17179_a_1,1
train_14276_a,train_14276_a_1,1
train_2453_a,train_2453_a_1,1
train_5263_a,train_5263_a_1,1
train_11357_a,train_11357_a_1,1
train_5188_a,train_5188_a_1,1
train_2660_a,train_2660_a_1,1
train_8217_a,train_8217_a_1,1
train_10333_a,train_10333_a_1,1
train_5935_a,train_5935_a_1,1
train_10866_a,train_10866_a_1,1
train_4230_a,train_4230_a_1,1
train_17512_a,train_17512_a_1,1
train_13716_a,train_13716_a_1,1
train_10808_a,train_10808_a_1,1
train_19422_a,train_19422_a_1,1
train_19629_a,train_19629_a_1,1
train_10049_a,train_10049_a_1,1
train_7266_a,train_7266_a_1,1
train_11269_a,train_11269_a_1,1
train_13800_a,train_13800_a_1,1
train_9141_a,train_9141_a_1,1
train_11129_a,train_11129_a_1,1
train_12511_a,train_12511_a_1,1
train_10298_a,train_10298_a_1,1
train_19598_a,train_19598_a_1,1
train_9416_a,train_9416_a_1,1
train_16841_a,train_16841_a_1,1
train_155_a,train_155_a_1,1
train_6838_a,train_6838_a_1,1
train_18252_a,train_18252_a_1,1
train_9778_a,train_9778_a_1,1
train_1678_a,train_1678_a_1,1
train_1810_a,train_1810_a_1,1
train_16870_a,train_16870_a_1,1
train_13411_a,train_13411_a_1,1
train_3111_a,train_3111_a_1,1
train_3630_a,train_3630_a_1,1
train_1308_a,train_1308_a_1,1
train_17183_a,train_17183_a_1,1
train_10278_a,train_10278_a_1,1
train_6611_a,train_6611_a_1,1
train_10674_a,train_10674_a_1,1
train_9276_a,train_9276_a_1,1
train_19410_a,train_19410_a_1,1
train_1450_a,train_1450_a_1,1
train_5394_a,train_5394_a_1,1
train_4216_a,train_4216_a_1,1
train_7339_a,train_7339_a_1,1
train_11499_a,train_11499_a_1,1
train_4039_a,train_4039_a_1,1
train_16285_a,train_16285_a_1,1
train_19482_a,train_19482_a_1,1
train_5322_a,train_5322_a_1,1
train_10218_a,train_10218_a_1,1
train_15136_a,train_15136_a_1,1
train_3233_a,train_3233_a_1,1
train_2860_a,train_2860_a_1,1
train_9042_a,train_9042_a_1,1
train_19786_a,train_19786_a_1,1
train_14005_a,train_14005_a_1,1
train_4238_a,train_4238_a_1,1
train_12116_a,train_12116_a_1,1
train_5911_a,train_5911_a_1,1
train_10572_a,train_10572_a_1,1
train_14436_a,train_14436_a_1,1
train_16409_a,train_16409_a_1,1
train_10688_a,train_10688_a_1,1
train_17084_a,train_17084_a_1,1
train_16336_a,train_16336_a_1,1
train_19464_a,train_19464_a_1,1
train_12384_a,train_12384_a_1,1
train_18581_a,train_18581_a_1,1
train_16267_a,train_16267_a_1,1
train_1590_a,train_1590_a_1,1
train_18259_a,train_18259_a_1,1
train_1695_a,train_1695_a_1,1
train_170_a,train_170_a_1,1
train_994_a,train_994_a_1,1
train_1363_a,train_1363_a_1,1
train_6474_a,train_6474_a_1,1
train_14092_a,train_14092_a_1,1
train_7143_a,train_7143_a_1,1
train_1876_a,train_1876_a_1,1
train_4498_a,train_4498_a_1,1
train_10231_a,train_10231_a_1,1
train_1826_a,train_1826_a_1,1
train_4388_a,train_4388_a_1,1
train_12435_a,train_12435_a_1,1
train_15181_a,train_15181_a_1,1
train_3986_a,train_3986_a_1,1
train_14602_a,train_14602_a_1,1
train_14063_a,train_14063_a_1,1
train_17732_a,train_17732_a_1,1
train_11672_a,train_11672_a_1,1
train_16233_a,train_16233_a_1,1
train_1105_a,train_1105_a_1,1
train_18176_a,train_18176_a_1,1
train_415_a,train_415_a_1,1
train_15343_a,train_15343_a_1,1
train_1232_a,train_1232_a_1,1
train_1541_a,train_1541_a_1,1
train_19444_a,train_19444_a_1,1
train_19940_a,train_19940_a_1,1
train_13299_a,train_13299_a_1,1
train_4759_a,train_4759_a_1,1
train_13841_a,train_13841_a_1,1
train_9571_a,train_9571_a_1,1
train_14137_a,train_14137_a_1,1
train_19860_a,train_19860_a_1,1
train_16493_a,train_16493_a_1,1
train_11470_a,train_11470_a_1,1
train_14738_a,train_14738_a_1,1
train_6143_a,train_6143_a_1,1
train_6447_a,train_6447_a_1,1
train_17460_a,train_17460_a_1,1
train_18674_a,train_18674_a_1,1
train_938_a,train_938_a_1,1
train_12710_a,train_12710_a_1,1
train_6097_a,train_6097_a_1,1
train_15404_a,train_15404_a_1,1
train_11899_a,train_11899_a_1,1
train_10765_a,train_10765_a_1,1
train_12572_a,train_12572_a_1,1
train_11911_a,train_11911_a_1,1
train_1836_a,train_1836_a_1,1
train_5815_a,train_5815_a_1,1
train_16995_a,train_16995_a_1,1
train_2341_a,train_2341_a_1,1
train_17317_a,train_17317_a_1,1
train_10328_a,train_10328_a_1,1
train_8505_a,train_8505_a_1,1
train_2138_a,train_2138_a_1,1
train_2722_a,train_2722_a_1,1
train_15281_a,train_15281_a_1,1
train_18129_a,train_18129_a_1,1
train_15877_a,train_15877_a_1,1
train_15297_a,train_15297_a_1,1
train_10227_a,train_10227_a_1,1
train_14372_a,train_14372_a_1,1
train_5810_a,train_5810_a_1,1
train_1724_a,train_1724_a_1,1
train_7344_a,train_7344_a_1,1
train_10583_a,train_10583_a_1,1
train_15251_a,train_15251_a_1,1
train_5242_a,train_5242_a_1,1
train_12321_a,train_12321_a_1,1
train_3741_a,train_3741_a_1,1
train_12373_a,train_12373_a_1,1
train_19875_a,train_19875_a_1,1
train_10427_a,train_10427_a_1,1
train_3892_a,train_3892_a_1,1
train_931_a,train_931_a_1,1
train_17407_a,train_17407_a_1,1
train_4087_a,train_4087_a_1,1
train_6264_a,train_6264_a_1,1
train_17012_a,train_17012_a_1,1
train_3472_a,train_3472_a_1,1
train_4221_a,train_4221_a_1,1
train_8900_a,train_8900_a_1,1
train_16044_a,train_16044_a_1,1
train_9556_a,train_9556_a_1,1
train_19333_a,train_19333_a_1,1
train_5940_a,train_5940_a_1,1
train_977_a,train_977_a_1,1
train_6136_a,train_6136_a_1,1
train_15544_a,train_15544_a_1,1
train_8657_a,train_8657_a_1,1
train_4079_a,train_4079_a_1,1
train_3724_a,train_3724_a_1,1
train_8622_a,train_8622_a_1,1
train_15713_a,train_15713_a_1,1
train_19862_a,train_19862_a_1,1
train_18492_a,train_18492_a_1,1
train_17864_a,train_17864_a_1,1
train_12552_a,train_12552_a_1,1
train_6236_a,train_6236_a_1,1
train_6827_a,train_6827_a_1,1
train_1925_a,train_1925_a_1,1
train_4025_a,train_4025_a_1,1
train_3620_a,train_3620_a_1,1
train_4389_a,train_4389_a_1,1
train_7936_a,train_7936_a_1,1
train_19547_a,train_19547_a_1,1
train_15303_a,train_15303_a_1,1
train_18410_a,train_18410_a_1,1
train_17680_a,train_17680_a_1,1
train_17984_a,train_17984_a_1,1
train_15871_a,train_15871_a_1,1
train_9503_a,train_9503_a_1,1
train_3432_a,train_3432_a_1,1
train_10911_a,train_10911_a_1,1
train_7808_a,train_7808_a_1,1
train_9389_a,train_9389_a_1,1
train_18693_a,train_18693_a_1,1
train_14788_a,train_14788_a_1,1
train_18065_a,train_18065_a_1,1
train_1519_a,train_1519_a_1,1
train_10426_a,train_10426_a_1,1
train_6129_a,train_6129_a_1,1
train_13032_a,train_13032_a_1,1
train_163_a,train_163_a_1,1
train_11955_a,train_11955_a_1,1
train_19270_a,train_19270_a_1,1
train_8809_a,train_8809_a_1,1
train_16859_a,train_16859_a_1,1
train_5948_a,train_5948_a_1,1
train_5669_a,train_5669_a_1,1
train_11467_a,train_11467_a_1,1
train_4058_a,train_4058_a_1,1
train_1345_a,train_1345_a_1,1
train_19279_a,train_19279_a_1,1
train_694_a,train_694_a_1,1
train_5390_a,train_5390_a_1,1
train_6643_a,train_6643_a_1,1
train_14578_a,train_14578_a_1,1
train_4834_a,train_4834_a_1,1
train_15803_a,train_15803_a_1,1
train_18757_a,train_18757_a_1,1
train_10152_a,train_10152_a_1,1
train_3849_a,train_3849_a_1,1
train_849_a,train_849_a_1,1
train_8722_a,train_8722_a_1,1
train_3481_a,train_3481_a_1,1
train_5250_a,train_5250_a_1,1
train_516_a,train_516_a_1,1
train_13453_a,train_13453_a_1,1
train_885_a,train_885_a_1,1
train_17634_a,train_17634_a_1,1
train_5835_a,train_5835_a_1,1
train_9373_a,train_9373_a_1,1
train_12735_a,train_12735_a_1,1
train_3655_a,train_3655_a_1,1
train_7797_a,train_7797_a_1,1
train_8012_a,train_8012_a_1,1
train_10331_a,train_10331_a_1,1
train_10042_a,train_10042_a_1,1
train_1896_a,train_1896_a_1,1
train_4563_a,train_4563_a_1,1
train_11925_a,train_11925_a_1,1
train_5637_a,train_5637_a_1,1
train_3665_a,train_3665_a_1,1
train_9188_a,train_9188_a_1,1
train_4740_a,train_4740_a_1,1
train_479_a,train_479_a_1,1
train_13047_a,train_13047_a_1,1
train_11136_a,train_11136_a_1,1
train_3640_a,train_3640_a_1,1
train_19975_a,train_19975_a_1,1
train_7810_a,train_7810_a_1,1
train_7140_a,train_7140_a_1,1
train_12223_a,train_12223_a_1,1
train_10469_a,train_10469_a_1,1
train_12000_a,train_12000_a_1,1
train_8572_a,train_8572_a_1,1
train_3253_a,train_3253_a_1,1
train_14518_a,train_14518_a_1,1
train_1441_a,train_1441_a_1,1
train_11307_a,train_11307_a_1,1
train_8883_a,train_8883_a_1,1
train_4215_a,train_4215_a_1,1
train_9808_a,train_9808_a_1,1
train_10973_a,train_10973_a_1,1
train_10136_a,train_10136_a_1,1
train_8394_a,train_8394_a_1,1
train_12274_a,train_12274_a_1,1
train_15436_a,train_15436_a_1,1
train_9955_a,train_9955_a_1,1
train_3483_a,train_3483_a_1,1
train_16602_a,train_16602_a_1,1
train_13425_a,train_13425_a_1,1
train_9338_a,train_9338_a_1,1
train_1563_a,train_1563_a_1,1
train_200_a,train_200_a_1,1
train_16808_a,train_16808_a_1,1
train_12314_a,train_12314_a_1,1
train_4293_a,train_4293_a_1,1
train_13362_a,train_13362_a_1,1
train_654_a,train_654_a_1,1
train_16978_a,train_16978_a_1,1
train_363_a,train_363_a_1,1
train_17441_a,train_17441_a_1,1
train_1268_a,train_1268_a_1,1
train_17085_a,train_17085_a_1,1
train_19509_a,train_19509_a_1,1
train_19084_a,train_19084_a_1,1
train_9164_a,train_9164_a_1,1
train_13249_a,train_13249_a_1,1
train_9121_a,train_9121_a_1,1
train_10827_a,train_10827_a_1,1
train_17701_a,train_17701_a_1,1
train_3945_a,train_3945_a_1,1
train_6880_a,train_6880_a_1,1
train_6364_a,train_6364_a_1,1
train_19424_a,train_19424_a_1,1
train_19522_a,train_19522_a_1,1
train_15202_a,train_15202_a_1,1
train_10470_a,train_10470_a_1,1
train_19953_a,train_19953_a_1,1
train_14615_a,train_14615_a_1,1
train_19_a,train_19_a_1,1
train_7645_a,train_7645_a_1,1
train_11698_a,train_11698_a_1,1
train_935_a,train_935_a_1,1
train_17973_a,train_17973_a_1,1
train_18326_a,train_18326_a_1,1
train_3378_a,train_3378_a_1,1
train_16112_a,train_16112_a_1,1
train_3840_a,train_3840_a_1,1
train_16934_a,train_16934_a_1,1
train_17604_a,train_17604_a_1,1
train_5661_a,train_5661_a_1,1
train_3015_a,train_3015_a_1,1
train_2791_a,train_2791_a_1,1
train_5077_a,train_5077_a_1,1
train_5053_a,train_5053_a_1,1
train_4895_a,train_4895_a_1,1
train_6072_a,train_6072_a_1,1
train_5772_a,train_5772_a_1,1
train_7854_a,train_7854_a_1,1
train_10511_a,train_10511_a_1,1
train_13083_a,train_13083_a_1,1
train_16253_a,train_16253_a_1,1
train_10782_a,train_10782_a_1,1
train_3353_a,train_3353_a_1,1
train_11683_a,train_11683_a_1,1
train_17277_a,train_17277_a_1,1
train_6202_a,train_6202_a_1,1
train_17402_a,train_17402_a_1,1
train_2597_a,train_2597_a_1,1
train_19939_a,train_19939_a_1,1
train_3154_a,train_3154_a_1,1
train_18921_a,train_18921_a_1,1
train_8296_a,train_8296_a_1,1
train_7405_a,train_7405_a_1,1
train_1280_a,train_1280_a_1,1
train_465_a,train_465_a_1,1
train_15296_a,train_15296_a_1,1
train_15571_a,train_15571_a_1,1
train_10475_a,train_10475_a_1,1
train_15376_a,train_15376_a_1,1
train_7837_a,train_7837_a_1,1
train_18575_a,train_18575_a_1,1
train_3185_a,train_3185_a_1,1
train_955_a,train_955_a_1,1
train_260_a,train_260_a_1,1
train_6366_a,train_6366_a_1,1
train_13020_a,train_13020_a_1,1
train_16475_a,train_16475_a_1,1
train_3742_a,train_3742_a_1,1
train_14346_a,train_14346_a_1,1
train_8189_a,train_8189_a_1,1
train_5149_a,train_5149_a_1,1
train_15666_a,train_15666_a_1,1
train_8335_a,train_8335_a_1,1
train_7044_a,train_7044_a_1,1
train_17516_a,train_17516_a_1,1
train_4471_a,train_4471_a_1,1
train_10204_a,train_10204_a_1,1
train_17376_a,train_17376_a_1,1
train_15366_a,train_15366_a_1,1
train_8649_a,train_8649_a_1,1
train_14143_a,train_14143_a_1,1
train_3494_a,train_3494_a_1,1
train_9651_a,train_9651_a_1,1
train_7612_a,train_7612_a_1,1
train_140_a,train_140_a_1,1
train_17939_a,train_17939_a_1,1
train_10496_a,train_10496_a_1,1
train_17729_a,train_17729_a_1,1
train_8759_a,train_8759_a_1,1
train_19355_a,train_19355_a_1,1
train_9001_a,train_9001_a_1,1
train_9601_a,train_9601_a_1,1
train_4741_a,train_4741_a_1,1
train_9919_a,train_9919_a_1,1
train_11834_a,train_11834_a_1,1
train_4551_a,train_4551_a_1,1
train_15709_a,train_15709_a_1,1
train_193_a,train_193_a_1,1
train_3735_a,train_3735_a_1,1
train_13069_a,train_13069_a_1,1
train_1718_a,train_1718_a_1,1
train_3127_a,train_3127_a_1,1
train_5537_a,train_5537_a_1,1
train_9326_a,train_9326_a_1,1
train_11058_a,train_11058_a_1,1
train_6680_a,train_6680_a_1,1
train_2891_a,train_2891_a_1,1
train_10623_a,train_10623_a_1,1
train_14342_a,train_14342_a_1,1
train_17600_a,train_17600_a_1,1
train_18357_a,train_18357_a_1,1
train_18623_a,train_18623_a_1,1
train_11183_a,train_11183_a_1,1
train_16341_a,train_16341_a_1,1
train_18107_a,train_18107_a_1,1
train_15171_a,train_15171_a_1,1
train_14249_a,train_14249_a_1,1
train_42_a,train_42_a_1,1
train_3454_a,train_3454_a_1,1
train_13682_a,train_13682_a_1,1
train_2634_a,train_2634_a_1,1
train_19866_a,train_19866_a_1,1
train_14624_a,train_14624_a_1,1
train_8057_a,train_8057_a_1,1
train_8996_a,train_8996_a_1,1
train_3737_a,train_3737_a_1,1
train_11167_a,train_11167_a_1,1
train_12003_a,train_12003_a_1,1
train_17002_a,train_17002_a_1,1
train_13216_a,train_13216_a_1,1
train_3243_a,train_3243_a_1,1
train_17536_a,train_17536_a_1,1
train_7189_a,train_7189_a_1,1
train_2484_a,train_2484_a_1,1
train_1923_a,train_1923_a_1,1
train_16234_a,train_16234_a_1,1
train_3356_a,train_3356_a_1,1
train_15829_a,train_15829_a_1,1
train_5107_a,train_5107_a_1,1
train_13910_a,train_13910_a_1,1
train_10098_a,train_10098_a_1,1
train_2037_a,train_2037_a_1,1
train_3032_a,train_3032_a_1,1
train_9310_a,train_9310_a_1,1
train_15070_a,train_15070_a_1,1
train_10326_a,train_10326_a_1,1
train_3898_a,train_3898_a_1,1
train_11340_a,train_11340_a_1,1
train_4009_a,train_4009_a_1,1
train_5460_a,train_5460_a_1,1
train_6927_a,train_6927_a_1,1
train_15771_a,train_15771_a_1,1
train_15649_a,train_15649_a_1,1
train_15178_a,train_15178_a_1,1
train_8704_a,train_8704_a_1,1
train_7220_a,train_7220_a_1,1
train_7232_a,train_7232_a_1,1
train_18329_a,train_18329_a_1,1
train_28_a,train_28_a_1,1
train_12426_a,train_12426_a_1,1
train_15263_a,train_15263_a_1,1
train_3144_a,train_3144_a_1,1
train_16345_a,train_16345_a_1,1
train_8369_a,train_8369_a_1,1
train_19853_a,train_19853_a_1,1
train_485_a,train_485_a_1,1
train_3726_a,train_3726_a_1,1
train_4040_a,train_4040_a_1,1
train_1717_a,train_1717_a_1,1
train_10770_a,train_10770_a_1,1
train_15192_a,train_15192_a_1,1
train_17907_a,train_17907_a_1,1
train_18312_a,train_18312_a_1,1
train_2303_a,train_2303_a_1,1
train_18772_a,train_18772_a_1,1
train_2887_a,train_2887_a_1,1
train_8920_a,train_8920_a_1,1
train_14565_a,train_14565_a_1,1
train_16852_a,train_16852_a_1,1
train_11262_a,train_11262_a_1,1
train_19328_a,train_19328_a_1,1
train_2575_a,train_2575_a_1,1
train_16165_a,train_16165_a_1,1
train_619_a,train_619_a_1,1
train_4111_a,train_4111_a_1,1
train_11231_a,train_11231_a_1,1
train_13742_a,train_13742_a_1,1
train_6566_a,train_6566_a_1,1
train_10976_a,train_10976_a_1,1
train_4095_a,train_4095_a_1,1
train_8995_a,train_8995_a_1,1
train_17914_a,train_17914_a_1,1
train_11478_a,train_11478_a_1,1
train_2479_a,train_2479_a_1,1
train_1418_a,train_1418_a_1,1
train_2075_a,train_2075_a_1,1
train_13326_a,train_13326_a_1,1
train_8205_a,train_8205_a_1,1
train_7765_a,train_7765_a_1,1
train_7850_a,train_7850_a_1,1
train_17610_a,train_17610_a_1,1
train_4646_a,train_4646_a_1,1
train_222_a,train_222_a_1,1
train_5010_a,train_5010_a_1,1
train_11928_a,train_11928_a_1,1
train_4622_a,train_4622_a_1,1
train_5445_a,train_5445_a_1,1
train_15455_a,train_15455_a_1,1
train_3504_a,train_3504_a_1,1
train_6893_a,train_6893_a_1,1
train_6391_a,train_6391_a_1,1
train_5842_a,train_5842_a_1,1
train_10473_a,train_10473_a_1,1
train_14219_a,train_14219_a_1,1
train_15072_a,train_15072_a_1,1
train_761_a,train_761_a_1,1
train_18089_a,train_18089_a_1,1
train_16920_a,train_16920_a_1,1
train_6006_a,train_6006_a_1,1
train_17435_a,train_17435_a_1,1
train_12294_a,train_12294_a_1,1
train_3264_a,train_3264_a_1,1
train_7691_a,train_7691_a_1,1
train_14477_a,train_14477_a_1,1
train_1046_a,train_1046_a_1,1
train_6845_a,train_6845_a_1,1
train_19212_a,train_19212_a_1,1
train_5895_a,train_5895_a_1,1
train_5608_a,train_5608_a_1,1
train_4162_a,train_4162_a_1,1
train_2391_a,train_2391_a_1,1
train_18587_a,train_18587_a_1,1
train_15226_a,train_15226_a_1,1
train_1094_a,train_1094_a_1,1
train_18947_a,train_18947_a_1,1
train_8602_a,train_8602_a_1,1
train_11642_a,train_11642_a_1,1
train_10579_a,train_10579_a_1,1
train_7550_a,train_7550_a_1,1
train_7713_a,train_7713_a_1,1
train_5306_a,train_5306_a_1,1
train_1020_a,train_1020_a_1,1
train_2974_a,train_2974_a_1,1
train_16440_a,train_16440_a_1,1
train_11477_a,train_11477_a_1,1
train_2641_a,train_2641_a_1,1
train_5521_a,train_5521_a_1,1
train_10008_a,train_10008_a_1,1
train_7307_a,train_7307_a_1,1
train_2011_a,train_2011_a_1,1
train_8906_a,train_8906_a_1,1
train_13283_a,train_13283_a_1,1
train_13329_a,train_13329_a_1,1
train_9309_a,train_9309_a_1,1
train_1075_a,train_1075_a_1,1
train_6499_a,train_6499_a_1,1
train_3568_a,train_3568_a_1,1
train_19512_a,train_19512_a_1,1
train_3662_a,train_3662_a_1,1
train_1172_a,train_1172_a_1,1
train_5068_a,train_5068_a_1,1
train_16958_a,train_16958_a_1,1
train_1865_a,train_1865_a_1,1
train_17903_a,train_17903_a_1,1
train_12810_a,train_12810_a_1,1
train_9754_a,train_9754_a_1,1
train_6429_a,train_6429_a_1,1
train_4836_a,train_4836_a_1,1
train_5845_a,train_5845_a_1,1
train_8306_a,train_8306_a_1,1
train_6781_a,train_6781_a_1,1
train_2565_a,train_2565_a_1,1
train_13515_a,train_13515_a_1,1
train_11060_a,train_11060_a_1,1
train_1014_a,train_1014_a_1,1
train_17726_a,train_17726_a_1,1
train_18307_a,train_18307_a_1,1
train_6269_a,train_6269_a_1,1
train_7516_a,train_7516_a_1,1
train_9182_a,train_9182_a_1,1
train_10682_a,train_10682_a_1,1
train_15663_a,train_15663_a_1,1
train_9522_a,train_9522_a_1,1
train_1311_a,train_1311_a_1,1
train_7175_a,train_7175_a_1,1
train_19396_a,train_19396_a_1,1
train_3977_a,train_3977_a_1,1
train_19694_a,train_19694_a_1,1
train_17944_a,train_17944_a_1,1
train_15267_a,train_15267_a_1,1
train_19379_a,train_19379_a_1,1
train_19423_a,train_19423_a_1,1
train_4589_a,train_4589_a_1,1
train_13212_a,train_13212_a_1,1
train_14239_a,train_14239_a_1,1
train_17862_a,train_17862_a_1,1
train_7806_a,train_7806_a_1,1
train_11735_a,train_11735_a_1,1
train_3255_a,train_3255_a_1,1
train_1403_a,train_1403_a_1,1
train_9928_a,train_9928_a_1,1
train_13257_a,train_13257_a_1,1
train_18841_a,train_18841_a_1,1
train_18444_a,train_18444_a_1,1
train_15984_a,train_15984_a_1,1
train_1265_a,train_1265_a_1,1
train_10653_a,train_10653_a_1,1
train_10539_a,train_10539_a_1,1
train_16398_a,train_16398_a_1,1
train_16775_a,train_16775_a_1,1
train_183_a,train_183_a_1,1
train_4479_a,train_4479_a_1,1
train_18455_a,train_18455_a_1,1
train_7312_a,train_7312_a_1,1
train_11607_a,train_11607_a_1,1
train_18525_a,train_18525_a_1,1
train_17996_a,train_17996_a_1,1
train_8303_a,train_8303_a_1,1
train_2543_a,train_2543_a_1,1
train_16369_a,train_16369_a_1,1
train_16392_a,train_16392_a_1,1
train_9524_a,train_9524_a_1,1
train_653_a,train_653_a_1,1
train_684_a,train_684_a_1,1
train_7592_a,train_7592_a_1,1
train_5481_a,train_5481_a_1,1
train_16957_a,train_16957_a_1,1
train_9767_a,train_9767_a_1,1
train_4209_a,train_4209_a_1,1
train_17457_a,train_17457_a_1,1
train_6252_a,train_6252_a_1,1
train_16820_a,train_16820_a_1,1
train_5535_a,train_5535_a_1,1
train_5562_a,train_5562_a_1,1
train_14938_a,train_14938_a_1,1
train_19898_a,train_19898_a_1,1
train_4779_a,train_4779_a_1,1
train_10527_a,train_10527_a_1,1
train_4395_a,train_4395_a_1,1
train_17382_a,train_17382_a_1,1
train_17628_a,train_17628_a_1,1
train_4425_a,train_4425_a_1,1
train_9079_a,train_9079_a_1,1
train_2811_a,train_2811_a_1,1
train_4634_a,train_4634_a_1,1
train_10241_a,train_10241_a_1,1
train_4465_a,train_4465_a_1,1
train_11915_a,train_11915_a_1,1
train_4259_a,train_4259_a_1,1
train_3803_a,train_3803_a_1,1
train_7417_a,train_7417_a_1,1
train_19468_a,train_19468_a_1,1
train_14305_a,train_14305_a_1,1
train_17575_a,train_17575_a_1,1
train_13227_a,train_13227_a_1,1
train_15377_a,train_15377_a_1,1
train_14401_a,train_14401_a_1,1
train_14417_a,train_14417_a_1,1
train_843_a,train_843_a_1,1
train_15935_a,train_15935_a_1,1
train_13500_a,train_13500_a_1,1
train_13289_a,train_13289_a_1,1
train_3597_a,train_3597_a_1,1
train_8862_a,train_8862_a_1,1
train_8145_a,train_8145_a_1,1
train_13077_a,train_13077_a_1,1
train_12010_a,train_12010_a_1,1
train_7167_a,train_7167_a_1,1
train_7953_a,train_7953_a_1,1
train_3810_a,train_3810_a_1,1
train_6537_a,train_6537_a_1,1
train_12073_a,train_12073_a_1,1
train_18069_a,train_18069_a_1,1
train_13370_a,train_13370_a_1,1
train_13038_a,train_13038_a_1,1
train_18292_a,train_18292_a_1,1
train_3505_a,train_3505_a_1,1
train_18862_a,train_18862_a_1,1
train_4182_a,train_4182_a_1,1
train_8650_a,train_8650_a_1,1
train_7600_a,train_7600_a_1,1
train_15542_a,train_15542_a_1,1
train_19933_a,train_19933_a_1,1
train_9325_a,train_9325_a_1,1
train_9899_a,train_9899_a_1,1
train_1907_a,train_1907_a_1,1
train_6571_a,train_6571_a_1,1
train_19214_a,train_19214_a_1,1
train_8196_a,train_8196_a_1,1
train_6729_a,train_6729_a_1,1
train_13826_a,train_13826_a_1,1
train_3943_a,train_3943_a_1,1
train_17713_a,train_17713_a_1,1
train_14322_a,train_14322_a_1,1
train_3560_a,train_3560_a_1,1
train_73_a,train_73_a_1,1
train_8001_a,train_8001_a_1,1
train_3204_a,train_3204_a_1,1
train_15897_a,train_15897_a_1,1
train_9471_a,train_9471_a_1,1
train_19184_a,train_19184_a_1,1
train_4106_a,train_4106_a_1,1
train_3706_a,train_3706_a_1,1
train_4223_a,train_4223_a_1,1
train_5877_a,train_5877_a_1,1
train_2198_a,train_2198_a_1,1
train_8636_a,train_8636_a_1,1
train_15135_a,train_15135_a_1,1
train_18420_a,train_18420_a_1,1
train_18042_a,train_18042_a_1,1
train_14566_a,train_14566_a_1,1
train_5693_a,train_5693_a_1,1
train_3363_a,train_3363_a_1,1
train_6332_a,train_6332_a_1,1
train_2_a,train_2_a_1,1
train_16528_a,train_16528_a_1,1
train_10834_a,train_10834_a_1,1
train_2755_a,train_2755_a_1,1
train_9710_a,train_9710_a_1,1
train_12071_a,train_12071_a_1,1
train_7689_a,train_7689_a_1,1
train_1872_a,train_1872_a_1,1
train_16671_a,train_16671_a_1,1
train_19026_a,train_19026_a_1,1
train_8686_a,train_8686_a_1,1
train_8385_a,train_8385_a_1,1
train_9479_a,train_9479_a_1,1
train_6804_a,train_6804_a_1,1
train_1934_a,train_1934_a_1,1
train_10362_a,train_10362_a_1,1
train_16430_a,train_16430_a_1,1
train_10385_a,train_10385_a_1,1
train_4084_a,train_4084_a_1,1
train_311_a,train_311_a_1,1
train_2123_a,train_2123_a_1,1
train_1068_a,train_1068_a_1,1
train_12636_a,train_12636_a_1,1
train_8153_a,train_8153_a_1,1
train_594_a,train_594_a_1,1
train_7636_a,train_7636_a_1,1
train_8963_a,train_8963_a_1,1
train_4536_a,train_4536_a_1,1
train_6349_a,train_6349_a_1,1
train_8511_a,train_8511_a_1,1
train_19492_a,train_19492_a_1,1
train_1517_a,train_1517_a_1,1
train_11007_a,train_11007_a_1,1
train_9634_a,train_9634_a_1,1
train_2480_a,train_2480_a_1,1
train_2060_a,train_2060_a_1,1
train_10083_a,train_10083_a_1,1
train_9246_a,train_9246_a_1,1
train_2587_a,train_2587_a_1,1
train_2227_a,train_2227_a_1,1
train_5128_a,train_5128_a_1,1
train_6882_a,train_6882_a_1,1
train_4454_a,train_4454_a_1,1
train_18467_a,train_18467_a_1,1
train_13891_a,train_13891_a_1,1
train_17244_a,train_17244_a_1,1
train_17449_a,train_17449_a_1,1
train_7906_a,train_7906_a_1,1
train_13116_a,train_13116_a_1,1
train_167_a,train_167_a_1,1
train_10251_a,train_10251_a_1,1
train_7482_a,train_7482_a_1,1
train_11492_a,train_11492_a_1,1
train_1182_a,train_1182_a_1,1
train_1613_a,train_1613_a_1,1
train_16970_a,train_16970_a_1,1
train_12802_a,train_12802_a_1,1
train_150_a,train_150_a_1,1
train_11776_a,train_11776_a_1,1
train_16255_a,train_16255_a_1,1
train_1785_a,train_1785_a_1,1
train_15595_a,train_15595_a_1,1
train_17986_a,train_17986_a_1,1
train_18808_a,train_18808_a_1,1
train_2109_a,train_2109_a_1,1
train_17110_a,train_17110_a_1,1
train_15027_a,train_15027_a_1,1
train_6604_a,train_6604_a_1,1
train_3066_a,train_3066_a_1,1
train_3006_a,train_3006_a_1,1
train_14385_a,train_14385_a_1,1
train_17949_a,train_17949_a_1,1
train_9472_a,train_9472_a_1,1
train_3971_a,train_3971_a_1,1
train_14411_a,train_14411_a_1,1
train_10366_a,train_10366_a_1,1
train_4991_a,train_4991_a_1,1
train_3495_a,train_3495_a_1,1
train_522_a,train_522_a_1,1
train_10262_a,train_10262_a_1,1
train_6198_a,train_6198_a_1,1
train_9040_a,train_9040_a_1,1
train_1110_a,train_1110_a_1,1
train_492_a,train_492_a_1,1
train_4561_a,train_4561_a_1,1
train_17888_a,train_17888_a_1,1
train_3843_a,train_3843_a_1,1
train_6142_a,train_6142_a_1,1
train_14693_a,train_14693_a_1,1
train_6753_a,train_6753_a_1,1
train_14025_a,train_14025_a_1,1
train_10237_a,train_10237_a_1,1
train_15393_a,train_15393_a_1,1
train_2369_a,train_2369_a_1,1
train_8246_a,train_8246_a_1,1
train_3010_a,train_3010_a_1,1
train_10586_a,train_10586_a_1,1
train_11162_a,train_11162_a_1,1
train_16268_a,train_16268_a_1,1
train_12081_a,train_12081_a_1,1
train_2831_a,train_2831_a_1,1
train_15246_a,train_15246_a_1,1
train_13575_a,train_13575_a_1,1
train_12691_a,train_12691_a_1,1
train_593_a,train_593_a_1,1
train_7706_a,train_7706_a_1,1
train_3163_a,train_3163_a_1,1
train_11491_a,train_11491_a_1,1
train_219_a,train_219_a_1,1
train_15652_a,train_15652_a_1,1
train_3511_a,train_3511_a_1,1
train_9440_a,train_9440_a_1,1
train_11428_a,train_11428_a_1,1
train_7483_a,train_7483_a_1,1
train_19013_a,train_19013_a_1,1
train_19628_a,train_19628_a_1,1
train_767_a,train_767_a_1,1
train_7941_a,train_7941_a_1,1
train_18016_a,train_18016_a_1,1
train_12261_a,train_12261_a_1,1
train_17322_a,train_17322_a_1,1
train_17548_a,train_17548_a_1,1
train_12414_a,train_12414_a_1,1
train_17779_a,train_17779_a_1,1
train_4593_a,train_4593_a_1,1
train_12690_a,train_12690_a_1,1
train_1239_a,train_1239_a_1,1
train_14616_a,train_14616_a_1,1
train_11473_a,train_11473_a_1,1
train_11062_a,train_11062_a_1,1
train_9597_a,train_9597_a_1,1
train_8021_a,train_8021_a_1,1
train_945_a,train_945_a_1,1
train_7940_a,train_7940_a_1,1
train_1080_a,train_1080_a_1,1
train_18291_a,train_18291_a_1,1
train_18082_a,train_18082_a_1,1
train_3056_a,train_3056_a_1,1
train_16936_a,train_16936_a_1,1
train_2968_a,train_2968_a_1,1
train_18155_a,train_18155_a_1,1
train_18448_a,train_18448_a_1,1
train_6650_a,train_6650_a_1,1
train_1906_a,train_1906_a_1,1
train_17042_a,train_17042_a_1,1
train_13341_a,train_13341_a_1,1
train_10192_a,train_10192_a_1,1
train_5538_a,train_5538_a_1,1
train_5684_a,train_5684_a_1,1
train_2056_a,train_2056_a_1,1
train_8184_a,train_8184_a_1,1
train_10102_a,train_10102_a_1,1
train_2379_a,train_2379_a_1,1
train_3744_a,train_3744_a_1,1
train_15705_a,train_15705_a_1,1
train_12888_a,train_12888_a_1,1
train_954_a,train_954_a_1,1
train_7865_a,train_7865_a_1,1
train_6902_a,train_6902_a_1,1
train_19120_a,train_19120_a_1,1
train_10977_a,train_10977_a_1,1
train_19321_a,train_19321_a_1,1
train_3583_a,train_3583_a_1,1
train_13194_a,train_13194_a_1,1
train_8957_a,train_8957_a_1,1
train_16541_a,train_16541_a_1,1
train_14163_a,train_14163_a_1,1
train_13650_a,train_13650_a_1,1
train_6589_a,train_6589_a_1,1
train_16419_a,train_16419_a_1,1
train_13705_a,train_13705_a_1,1
train_18006_a,train_18006_a_1,1
train_4487_a,train_4487_a_1,1
train_4642_a,train_4642_a_1,1
train_10379_a,train_10379_a_1,1
train_19697_a,train_19697_a_1,1
train_721_a,train_721_a_1,1
train_10390_a,train_10390_a_1,1
train_18189_a,train_18189_a_1,1
train_5918_a,train_5918_a_1,1
train_4765_a,train_4765_a_1,1
train_8086_a,train_8086_a_1,1
train_9965_a,train_9965_a_1,1
train_10012_a,train_10012_a_1,1
train_13851_a,train_13851_a_1,1
train_7422_a,train_7422_a_1,1
train_4531_a,train_4531_a_1,1
train_3857_a,train_3857_a_1,1
train_13750_a,train_13750_a_1,1
train_15909_a,train_15909_a_1,1
train_12544_a,train_12544_a_1,1
train_19098_a,train_19098_a_1,1
train_8719_a,train_8719_a_1,1
train_17070_a,train_17070_a_1,1
train_301_a,train_301_a_1,1
train_1140_a,train_1140_a_1,1
train_6968_a,train_6968_a_1,1
train_6632_a,train_6632_a_1,1
train_12102_a,train_12102_a_1,1
train_19345_a,train_19345_a_1,1
train_17639_a,train_17639_a_1,1
train_9625_a,train_9625_a_1,1
train_7595_a,train_7595_a_1,1
train_19099_a,train_19099_a_1,1
train_4574_a,train_4574_a_1,1
train_7530_a,train_7530_a_1,1
train_17267_a,train_17267_a_1,1
train_12904_a,train_12904_a_1,1
train_5315_a,train_5315_a_1,1
train_2759_a,train_2759_a_1,1
train_17531_a,train_17531_a_1,1
train_6386_a,train_6386_a_1,1
train_8785_a,train_8785_a_1,1
train_1254_a,train_1254_a_1,1
train_3855_a,train_3855_a_1,1
train_4683_a,train_4683_a_1,1
train_3143_a,train_3143_a_1,1
train_16794_a,train_16794_a_1,1
train_16519_a,train_16519_a_1,1
train_3530_a,train_3530_a_1,1
train_4507_a,train_4507_a_1,1
train_13438_a,train_13438_a_1,1
train_166_a,train_166_a_1,1
train_18499_a,train_18499_a_1,1
train_2477_a,train_2477_a_1,1
train_19096_a,train_19096_a_1,1
train_14465_a,train_14465_a_1,1
train_15051_a,train_15051_a_1,1
train_18076_a,train_18076_a_1,1
train_1432_a,train_1432_a_1,1
train_7846_a,train_7846_a_1,1
train_11190_a,train_11190_a_1,1
train_18890_a,train_18890_a_1,1
train_15623_a,train_15623_a_1,1
train_16082_a,train_16082_a_1,1
train_3088_a,train_3088_a_1,1
train_16568_a,train_16568_a_1,1
train_16434_a,train_16434_a_1,1
train_13163_a,train_13163_a_1,1
train_7899_a,train_7899_a_1,1
train_13035_a,train_13035_a_1,1
train_5105_a,train_5105_a_1,1
train_19306_a,train_19306_a_1,1
train_7703_a,train_7703_a_1,1
train_3278_a,train_3278_a_1,1
train_1866_a,train_1866_a_1,1
train_50_a,train_50_a_1,1
train_8743_a,train_8743_a_1,1
train_18739_a,train_18739_a_1,1
train_14897_a,train_14897_a_1,1
train_2349_a,train_2349_a_1,1
train_3014_a,train_3014_a_1,1
train_10967_a,train_10967_a_1,1
train_10253_a,train_10253_a_1,1
train_13064_a,train_13064_a_1,1
train_5711_a,train_5711_a_1,1
train_3304_a,train_3304_a_1,1
train_11069_a,train_11069_a_1,1
train_4037_a,train_4037_a_1,1
train_7559_a,train_7559_a_1,1
train_7400_a,train_7400_a_1,1
train_6115_a,train_6115_a_1,1
train_4727_a,train_4727_a_1,1
train_12446_a,train_12446_a_1,1
train_11230_a,train_11230_a_1,1
train_899_a,train_899_a_1,1
train_11396_a,train_11396_a_1,1
train_13770_a,train_13770_a_1,1
train_11376_a,train_11376_a_1,1
train_5861_a,train_5861_a_1,1
train_14447_a,train_14447_a_1,1
train_5337_a,train_5337_a_1,1
train_12148_a,train_12148_a_1,1
train_16033_a,train_16033_a_1,1
train_3629_a,train_3629_a_1,1
train_13214_a,train_13214_a_1,1
train_17834_a,train_17834_a_1,1
train_10311_a,train_10311_a_1,1
train_5433_a,train_5433_a_1,1
train_12033_a,train_12033_a_1,1
train_6147_a,train_6147_a_1,1
train_7103_a,train_7103_a_1,1
train_8248_a,train_8248_a_1,1
train_10536_a,train_10536_a_1,1
train_7004_a,train_7004_a_1,1
train_3305_a,train_3305_a_1,1
train_3198_a,train_3198_a_1,1
train_7644_a,train_7644_a_1,1
train_17757_a,train_17757_a_1,1
train_3476_a,train_3476_a_1,1
train_641_a,train_641_a_1,1
train_10283_a,train_10283_a_1,1
train_13365_a,train_13365_a_1,1
train_15918_a,train_15918_a_1,1
train_15802_a,train_15802_a_1,1
train_13827_a,train_13827_a_1,1
train_9963_a,train_9963_a_1,1
train_15244_a,train_15244_a_1,1
train_13097_a,train_13097_a_1,1
train_4844_a,train_4844_a_1,1
train_10396_a,train_10396_a_1,1
train_8230_a,train_8230_a_1,1
train_10585_a,train_10585_a_1,1
train_2296_a,train_2296_a_1,1
train_13063_a,train_13063_a_1,1
train_3435_a,train_3435_a_1,1
train_16724_a,train_16724_a_1,1
train_13190_a,train_13190_a_1,1
train_1625_a,train_1625_a_1,1
train_2006_a,train_2006_a_1,1
train_2304_a,train_2304_a_1,1
train_12482_a,train_12482_a_1,1
train_19737_a,train_19737_a_1,1
train_2810_a,train_2810_a_1,1
train_13795_a,train_13795_a_1,1
train_12581_a,train_12581_a_1,1
train_5612_a,train_5612_a_1,1
train_15628_a,train_15628_a_1,1
train_8300_a,train_8300_a_1,1
train_9361_a,train_9361_a_1,1
train_15008_a,train_15008_a_1,1
train_13758_a,train_13758_a_1,1
train_14353_a,train_14353_a_1,1
train_12286_a,train_12286_a_1,1
train_182_a,train_182_a_1,1
train_12955_a,train_12955_a_1,1
train_16690_a,train_16690_a_1,1
train_5157_a,train_5157_a_1,1
train_8285_a,train_8285_a_1,1
train_7739_a,train_7739_a_1,1
train_7607_a,train_7607_a_1,1
train_18637_a,train_18637_a_1,1
train_14375_a,train_14375_a_1,1
train_4265_a,train_4265_a_1,1
train_652_a,train_652_a_1,1
train_18386_a,train_18386_a_1,1
train_15994_a,train_15994_a_1,1
train_17145_a,train_17145_a_1,1
train_9873_a,train_9873_a_1,1
train_6187_a,train_6187_a_1,1
train_19117_a,train_19117_a_1,1
train_18480_a,train_18480_a_1,1
train_19101_a,train_19101_a_1,1
train_8864_a,train_8864_a_1,1
train_19797_a,train_19797_a_1,1
train_17950_a,train_17950_a_1,1
train_8402_a,train_8402_a_1,1
train_12299_a,train_12299_a_1,1
train_14579_a,train_14579_a_1,1
train_16759_a,train_16759_a_1,1
train_7698_a,train_7698_a_1,1
train_14356_a,train_14356_a_1,1
train_19992_a,train_19992_a_1,1
train_4184_a,train_4184_a_1,1
train_19799_a,train_19799_a_1,1
train_19150_a,train_19150_a_1,1
train_5450_a,train_5450_a_1,1
train_3604_a,train_3604_a_1,1
train_13177_a,train_13177_a_1,1
train_929_a,train_929_a_1,1
train_7774_a,train_7774_a_1,1
train_7963_a,train_7963_a_1,1
train_14196_a,train_14196_a_1,1
train_13468_a,train_13468_a_1,1
train_12920_a,train_12920_a_1,1
train_751_a,train_751_a_1,1
train_15400_a,train_15400_a_1,1
train_8441_a,train_8441_a_1,1
train_9252_a,train_9252_a_1,1
train_5830_a,train_5830_a_1,1
train_1186_a,train_1186_a_1,1
train_12864_a,train_12864_a_1,1
train_18469_a,train_18469_a_1,1
train_10872_a,train_10872_a_1,1
train_10033_a,train_10033_a_1,1
train_18913_a,train_18913_a_1,1
train_5645_a,train_5645_a_1,1
train_17364_a,train_17364_a_1,1
train_1247_a,train_1247_a_1,1
train_18051_a,train_18051_a_1,1
train_15082_a,train_15082_a_1,1
train_9047_a,train_9047_a_1,1
train_10554_a,train_10554_a_1,1
train_15147_a,train_15147_a_1,1
train_13298_a,train_13298_a_1,1
train_3352_a,train_3352_a_1,1
train_8857_a,train_8857_a_1,1
train_10837_a,train_10837_a_1,1
train_6089_a,train_6089_a_1,1
train_3117_a,train_3117_a_1,1
train_11214_a,train_11214_a_1,1
train_19417_a,train_19417_a_1,1
train_932_a,train_932_a_1,1
train_14451_a,train_14451_a_1,1
train_6642_a,train_6642_a_1,1
train_15993_a,train_15993_a_1,1
train_14208_a,train_14208_a_1,1
train_16235_a,train_16235_a_1,1
train_923_a,train_923_a_1,1
train_18341_a,train_18341_a_1,1
train_6535_a,train_6535_a_1,1
train_11189_a,train_11189_a_1,1
train_5031_a,train_5031_a_1,1
train_19190_a,train_19190_a_1,1
train_4472_a,train_4472_a_1,1
train_13371_a,train_13371_a_1,1
train_18663_a,train_18663_a_1,1
train_1298_a,train_1298_a_1,1
train_2848_a,train_2848_a_1,1
train_13931_a,train_13931_a_1,1
train_3147_a,train_3147_a_1,1
train_2851_a,train_2851_a_1,1
train_3549_a,train_3549_a_1,1
train_11187_a,train_11187_a_1,1
train_11539_a,train_11539_a_1,1
train_15114_a,train_15114_a_1,1
train_12207_a,train_12207_a_1,1
train_15304_a,train_15304_a_1,1
train_2260_a,train_2260_a_1,1
train_11504_a,train_11504_a_1,1
train_8343_a,train_8343_a_1,1
train_19558_a,train_19558_a_1,1
train_17068_a,train_17068_a_1,1
train_12318_a,train_12318_a_1,1
train_12392_a,train_12392_a_1,1
train_15736_a,train_15736_a_1,1
train_11963_a,train_11963_a_1,1
train_2466_a,train_2466_a_1,1
train_5436_a,train_5436_a_1,1
train_11731_a,train_11731_a_1,1
train_18611_a,train_18611_a_1,1
train_19816_a,train_19816_a_1,1
train_19161_a,train_19161_a_1,1
train_17022_a,train_17022_a_1,1
train_12361_a,train_12361_a_1,1
train_2546_a,train_2546_a_1,1
train_10330_a,train_10330_a_1,1
train_12627_a,train_12627_a_1,1
train_1318_a,train_1318_a_1,1
train_6162_a,train_6162_a_1,1
train_13207_a,train_13207_a_1,1
train_2638_a,train_2638_a_1,1
train_7094_a,train_7094_a_1,1
train_838_a,train_838_a_1,1
train_4049_a,train_4049_a_1,1
train_10268_a,train_10268_a_1,1
train_13924_a,train_13924_a_1,1
train_12551_a,train_12551_a_1,1
train_10756_a,train_10756_a_1,1
train_4951_a,train_4951_a_1,1
train_11962_a,train_11962_a_1,1
train_1317_a,train_1317_a_1,1
train_15225_a,train_15225_a_1,1
train_11611_a,train_11611_a_1,1
train_8894_a,train_8894_a_1,1
train_10639_a,train_10639_a_1,1
train_8904_a,train_8904_a_1,1
train_12074_a,train_12074_a_1,1
train_14808_a,train_14808_a_1,1
train_15259_a,train_15259_a_1,1
train_6107_a,train_6107_a_1,1
train_3659_a,train_3659_a_1,1
train_9190_a,train_9190_a_1,1
train_15952_a,train_15952_a_1,1
train_8014_a,train_8014_a_1,1
train_11071_a,train_11071_a_1,1
train_11548_a,train_11548_a_1,1
train_13768_a,train_13768_a_1,1
train_16036_a,train_16036_a_1,1
train_17264_a,train_17264_a_1,1
train_6668_a,train_6668_a_1,1
train_19864_a,train_19864_a_1,1
train_10702_a,train_10702_a_1,1
train_14449_a,train_14449_a_1,1
train_12338_a,train_12338_a_1,1
train_19906_a,train_19906_a_1,1
train_11115_a,train_11115_a_1,1
train_4922_a,train_4922_a_1,1
train_12631_a,train_12631_a_1,1
train_7921_a,train_7921_a_1,1
train_2397_a,train_2397_a_1,1
train_9255_a,train_9255_a_1,1
train_18177_a,train_18177_a_1,1
train_10021_a,train_10021_a_1,1
train_16757_a,train_16757_a_1,1
train_13610_a,train_13610_a_1,1
train_891_a,train_891_a_1,1
train_4051_a,train_4051_a_1,1
train_10118_a,train_10118_a_1,1
train_573_a,train_573_a_1,1
train_14209_a,train_14209_a_1,1
train_13822_a,train_13822_a_1,1
train_8710_a,train_8710_a_1,1
train_7902_a,train_7902_a_1,1
train_10309_a,train_10309_a_1,1
train_18237_a,train_18237_a_1,1
train_19326_a,train_19326_a_1,1
train_4500_a,train_4500_a_1,1
train_2637_a,train_2637_a_1,1
train_11968_a,train_11968_a_1,1
train_15432_a,train_15432_a_1,1
train_16015_a,train_16015_a_1,1
train_4466_a,train_4466_a_1,1
train_9679_a,train_9679_a_1,1
train_10422_a,train_10422_a_1,1
train_19472_a,train_19472_a_1,1
train_6931_a,train_6931_a_1,1
train_8711_a,train_8711_a_1,1
train_3946_a,train_3946_a_1,1
train_12575_a,train_12575_a_1,1
train_6014_a,train_6014_a_1,1
train_3482_a,train_3482_a_1,1
train_17781_a,train_17781_a_1,1
train_11787_a,train_11787_a_1,1
train_9360_a,train_9360_a_1,1
train_6019_a,train_6019_a_1,1
train_603_a,train_603_a_1,1
train_4289_a,train_4289_a_1,1
train_17916_a,train_17916_a_1,1
train_17789_a,train_17789_a_1,1
train_15239_a,train_15239_a_1,1
train_17815_a,train_17815_a_1,1
train_13382_a,train_13382_a_1,1
train_13547_a,train_13547_a_1,1
train_7141_a,train_7141_a_1,1
train_13737_a,train_13737_a_1,1
train_13963_a,train_13963_a_1,1
train_4366_a,train_4366_a_1,1
train_11334_a,train_11334_a_1,1
train_13846_a,train_13846_a_1,1
train_7977_a,train_7977_a_1,1
train_13869_a,train_13869_a_1,1
train_2618_a,train_2618_a_1,1
train_1012_a,train_1012_a_1,1
train_16014_a,train_16014_a_1,1
train_2744_a,train_2744_a_1,1
train_9340_a,train_9340_a_1,1
train_5951_a,train_5951_a_1,1
train_543_a,train_543_a_1,1
train_11184_a,train_11184_a_1,1
train_18895_a,train_18895_a_1,1
train_13984_a,train_13984_a_1,1
train_15900_a,train_15900_a_1,1
train_9948_a,train_9948_a_1,1
train_9686_a,train_9686_a_1,1
train_17936_a,train_17936_a_1,1
train_11447_a,train_11447_a_1,1
train_6742_a,train_6742_a_1,1
train_18896_a,train_18896_a_1,1
train_16290_a,train_16290_a_1,1
train_15960_a,train_15960_a_1,1
train_19553_a,train_19553_a_1,1
train_4961_a,train_4961_a_1,1
train_2807_a,train_2807_a_1,1
train_14_a,train_14_a_1,1
train_16608_a,train_16608_a_1,1
train_15683_a,train_15683_a_1,1
train_18786_a,train_18786_a_1,1
train_13467_a,train_13467_a_1,1
train_17303_a,train_17303_a_1,1
train_14653_a,train_14653_a_1,1
train_16895_a,train_16895_a_1,1
train_9033_a,train_9033_a_1,1
train_11534_a,train_11534_a_1,1
train_685_a,train_685_a_1,1
train_9005_a,train_9005_a_1,1
train_12057_a,train_12057_a_1,1
train_13884_a,train_13884_a_1,1
train_15714_a,train_15714_a_1,1
train_4757_a,train_4757_a_1,1
train_9491_a,train_9491_a_1,1
train_15098_a,train_15098_a_1,1
train_13785_a,train_13785_a_1,1
train_12900_a,train_12900_a_1,1
train_13856_a,train_13856_a_1,1
train_1792_a,train_1792_a_1,1
train_14660_a,train_14660_a_1,1
train_6251_a,train_6251_a_1,1
train_10169_a,train_10169_a_1,1
train_10460_a,train_10460_a_1,1
train_1443_a,train_1443_a_1,1
train_3098_a,train_3098_a_1,1
train_5307_a,train_5307_a_1,1
train_17775_a,train_17775_a_1,1
train_5527_a,train_5527_a_1,1
train_2507_a,train_2507_a_1,1
train_3928_a,train_3928_a_1,1
train_10205_a,train_10205_a_1,1
train_15083_a,train_15083_a_1,1
train_5908_a,train_5908_a_1,1
train_14908_a,train_14908_a_1,1
train_981_a,train_981_a_1,1
train_3486_a,train_3486_a_1,1
train_17854_a,train_17854_a_1,1
train_221_a,train_221_a_1,1
train_19106_a,train_19106_a_1,1
train_10879_a,train_10879_a_1,1
train_4201_a,train_4201_a_1,1
train_14131_a,train_14131_a_1,1
train_6839_a,train_6839_a_1,1
train_15588_a,train_15588_a_1,1
train_12112_a,train_12112_a_1,1
train_6173_a,train_6173_a_1,1
train_17870_a,train_17870_a_1,1
train_1990_a,train_1990_a_1,1
train_7803_a,train_7803_a_1,1
train_14652_a,train_14652_a_1,1
train_14583_a,train_14583_a_1,1
train_8892_a,train_8892_a_1,1
train_6950_a,train_6950_a_1,1
train_4038_a,train_4038_a_1,1
train_9519_a,train_9519_a_1,1
train_18839_a,train_18839_a_1,1
train_18622_a,train_18622_a_1,1
train_14052_a,train_14052_a_1,1
train_14951_a,train_14951_a_1,1
train_17672_a,train_17672_a_1,1
train_9022_a,train_9022_a_1,1
train_17564_a,train_17564_a_1,1
train_13496_a,train_13496_a_1,1
train_5844_a,train_5844_a_1,1
train_6538_a,train_6538_a_1,1
train_13592_a,train_13592_a_1,1
train_15522_a,train_15522_a_1,1
train_2636_a,train_2636_a_1,1
train_8443_a,train_8443_a_1,1
train_14850_a,train_14850_a_1,1
train_7052_a,train_7052_a_1,1
train_9470_a,train_9470_a_1,1
train_9876_a,train_9876_a_1,1
train_2135_a,train_2135_a_1,1
train_6906_a,train_6906_a_1,1
train_1890_a,train_1890_a_1,1
train_12973_a,train_12973_a_1,1
train_11763_a,train_11763_a_1,1
train_10894_a,train_10894_a_1,1
train_8671_a,train_8671_a_1,1
train_18799_a,train_18799_a_1,1
train_17743_a,train_17743_a_1,1
train_19199_a,train_19199_a_1,1
train_9681_a,train_9681_a_1,1
train_4595_a,train_4595_a_1,1
train_2299_a,train_2299_a_1,1
train_5059_a,train_5059_a_1,1
train_11366_a,train_11366_a_1,1
train_17716_a,train_17716_a_1,1
train_8406_a,train_8406_a_1,1
train_17399_a,train_17399_a_1,1
train_7515_a,train_7515_a_1,1
train_6529_a,train_6529_a_1,1
train_7948_a,train_7948_a_1,1
train_3812_a,train_3812_a_1,1
train_13537_a,train_13537_a_1,1
train_7285_a,train_7285_a_1,1
train_9923_a,train_9923_a_1,1
train_6521_a,train_6521_a_1,1
train_4775_a,train_4775_a_1,1
train_4191_a,train_4191_a_1,1
train_3125_a,train_3125_a_1,1
train_11618_a,train_11618_a_1,1
train_6703_a,train_6703_a_1,1
train_6133_a,train_6133_a_1,1
train_19683_a,train_19683_a_1,1
train_10963_a,train_10963_a_1,1
train_13706_a,train_13706_a_1,1
train_19765_a,train_19765_a_1,1
train_7554_a,train_7554_a_1,1
train_3798_a,train_3798_a_1,1
train_5977_a,train_5977_a_1,1
train_8665_a,train_8665_a_1,1
train_1124_a,train_1124_a_1,1
train_3139_a,train_3139_a_1,1
train_15151_a,train_15151_a_1,1
train_16674_a,train_16674_a_1,1
train_2269_a,train_2269_a_1,1
train_18461_a,train_18461_a_1,1
train_18642_a,train_18642_a_1,1
train_9221_a,train_9221_a_1,1
train_1122_a,train_1122_a_1,1
train_1421_a,train_1421_a_1,1
train_4147_a,train_4147_a_1,1
train_15673_a,train_15673_a_1,1
train_6093_a,train_6093_a_1,1
train_4625_a,train_4625_a_1,1
train_12515_a,train_12515_a_1,1
train_17997_a,train_17997_a_1,1
train_15023_a,train_15023_a_1,1
train_19182_a,train_19182_a_1,1
train_3599_a,train_3599_a_1,1
train_16308_a,train_16308_a_1,1
train_6866_a,train_6866_a_1,1
train_12592_a,train_12592_a_1,1
train_11121_a,train_11121_a_1,1
train_16270_a,train_16270_a_1,1
train_1706_a,train_1706_a_1,1
train_4219_a,train_4219_a_1,1
train_15120_a,train_15120_a_1,1
train_13267_a,train_13267_a_1,1
train_5791_a,train_5791_a_1,1
train_5404_a,train_5404_a_1,1
train_1555_a,train_1555_a_1,1
train_10743_a,train_10743_a_1,1
train_10921_a,train_10921_a_1,1
train_2326_a,train_2326_a_1,1
train_1026_a,train_1026_a_1,1
train_9168_a,train_9168_a_1,1
train_13809_a,train_13809_a_1,1
train_3180_a,train_3180_a_1,1
train_1627_a,train_1627_a_1,1
train_3162_a,train_3162_a_1,1
train_4336_a,train_4336_a_1,1
train_7411_a,train_7411_a_1,1
train_9783_a,train_9783_a_1,1
train_8971_a,train_8971_a_1,1
train_15696_a,train_15696_a_1,1
train_2280_a,train_2280_a_1,1
train_14362_a,train_14362_a_1,1
train_19411_a,train_19411_a_1,1
train_12328_a,train_12328_a_1,1
train_19485_a,train_19485_a_1,1
train_13878_a,train_13878_a_1,1
train_18404_a,train_18404_a_1,1
train_13731_a,train_13731_a_1,1
train_11042_a,train_11042_a_1,1
train_7955_a,train_7955_a_1,1
train_7343_a,train_7343_a_1,1
train_2101_a,train_2101_a_1,1
train_6784_a,train_6784_a_1,1
train_4591_a,train_4591_a_1,1
train_16081_a,train_16081_a_1,1
train_13993_a,train_13993_a_1,1
train_9900_a,train_9900_a_1,1
train_12842_a,train_12842_a_1,1
train_14758_a,train_14758_a_1,1
train_733_a,train_733_a_1,1
train_3809_a,train_3809_a_1,1
train_7434_a,train_7434_a_1,1
train_18484_a,train_18484_a_1,1
train_71_a,train_71_a_1,1
train_16069_a,train_16069_a_1,1
train_1343_a,train_1343_a_1,1
train_3746_a,train_3746_a_1,1
train_6916_a,train_6916_a_1,1
train_2217_a,train_2217_a_1,1
train_6105_a,train_6105_a_1,1
train_2428_a,train_2428_a_1,1
train_4077_a,train_4077_a_1,1
train_14740_a,train_14740_a_1,1
train_4226_a,train_4226_a_1,1
train_10616_a,train_10616_a_1,1
train_19680_a,train_19680_a_1,1
train_12370_a,train_12370_a_1,1
train_9101_a,train_9101_a_1,1
train_16402_a,train_16402_a_1,1
train_17302_a,train_17302_a_1,1
train_15793_a,train_15793_a_1,1
train_13072_a,train_13072_a_1,1
train_15749_a,train_15749_a_1,1
train_11319_a,train_11319_a_1,1
train_6607_a,train_6607_a_1,1
train_9935_a,train_9935_a_1,1
train_3850_a,train_3850_a_1,1
train_18215_a,train_18215_a_1,1
train_13517_a,train_13517_a_1,1
train_11487_a,train_11487_a_1,1
train_3690_a,train_3690_a_1,1
train_15143_a,train_15143_a_1,1
train_6050_a,train_6050_a_1,1
train_15211_a,train_15211_a_1,1
train_17192_a,train_17192_a_1,1
train_13275_a,train_13275_a_1,1
train_5_a,train_5_a_1,1
train_8265_a,train_8265_a_1,1
train_127_a,train_127_a_1,1
train_502_a,train_502_a_1,1
train_8514_a,train_8514_a_1,1
train_10383_a,train_10383_a_1,1
train_3271_a,train_3271_a_1,1
train_5406_a,train_5406_a_1,1
train_11625_a,train_11625_a_1,1
train_3700_a,train_3700_a_1,1
train_2739_a,train_2739_a_1,1
train_3213_a,train_3213_a_1,1
train_82_a,train_82_a_1,1
train_9533_a,train_9533_a_1,1
train_2310_a,train_2310_a_1,1
train_10535_a,train_10535_a_1,1
train_6741_a,train_6741_a_1,1
train_16119_a,train_16119_a_1,1
train_14744_a,train_14744_a_1,1
train_15972_a,train_15972_a_1,1
train_1770_a,train_1770_a_1,1
train_16262_a,train_16262_a_1,1
train_16621_a,train_16621_a_1,1
train_5431_a,train_5431_a_1,1
train_137_a,train_137_a_1,1
train_11635_a,train_11635_a_1,1
train_15258_a,train_15258_a_1,1
train_828_a,train_828_a_1,1
train_5596_a,train_5596_a_1,1
train_18996_a,train_18996_a_1,1
train_15890_a,train_15890_a_1,1
train_5488_a,train_5488_a_1,1
train_11669_a,train_11669_a_1,1
train_13455_a,train_13455_a_1,1
train_7457_a,train_7457_a_1,1
train_5426_a,train_5426_a_1,1
train_16269_a,train_16269_a_1,1
train_9499_a,train_9499_a_1,1
train_18405_a,train_18405_a_1,1
train_9548_a,train_9548_a_1,1
train_11273_a,train_11273_a_1,1
train_11935_a,train_11935_a_1,1
train_15493_a,train_15493_a_1,1
train_4950_a,train_4950_a_1,1
train_55_a,train_55_a_1,1
train_17167_a,train_17167_a_1,1
train_7836_a,train_7836_a_1,1
train_3081_a,train_3081_a_1,1
train_1672_a,train_1672_a_1,1
train_7699_a,train_7699_a_1,1
train_1881_a,train_1881_a_1,1
train_17704_a,train_17704_a_1,1
train_18791_a,train_18791_a_1,1
train_16053_a,train_16053_a_1,1
train_1462_a,train_1462_a_1,1
train_12135_a,train_12135_a_1,1
train_6395_a,train_6395_a_1,1
train_4929_a,train_4929_a_1,1
train_3537_a,train_3537_a_1,1
train_2983_a,train_2983_a_1,1
train_4469_a,train_4469_a_1,1
train_14821_a,train_14821_a_1,1
train_12023_a,train_12023_a_1,1
train_15812_a,train_15812_a_1,1
train_1042_a,train_1042_a_1,1
train_4576_a,train_4576_a_1,1
train_13037_a,train_13037_a_1,1
train_7881_a,train_7881_a_1,1
train_3465_a,train_3465_a_1,1
train_1490_a,train_1490_a_1,1
train_17725_a,train_17725_a_1,1
train_113_a,train_113_a_1,1
train_7043_a,train_7043_a_1,1
train_8582_a,train_8582_a_1,1
train_729_a,train_729_a_1,1
train_8008_a,train_8008_a_1,1
train_12488_a,train_12488_a_1,1
train_15342_a,train_15342_a_1,1
train_12329_a,train_12329_a_1,1
train_14444_a,train_14444_a_1,1
train_3732_a,train_3732_a_1,1
train_4658_a,train_4658_a_1,1
train_15370_a,train_15370_a_1,1
train_9653_a,train_9653_a_1,1
train_1795_a,train_1795_a_1,1
train_2743_a,train_2743_a_1,1
train_18888_a,train_18888_a_1,1
train_16089_a,train_16089_a_1,1
train_6501_a,train_6501_a_1,1
train_1485_a,train_1485_a_1,1
train_6436_a,train_6436_a_1,1
train_12626_a,train_12626_a_1,1
train_7702_a,train_7702_a_1,1
train_3693_a,train_3693_a_1,1
train_1444_a,train_1444_a_1,1
train_10276_a,train_10276_a_1,1
train_3254_a,train_3254_a_1,1
train_11568_a,train_11568_a_1,1
train_17653_a,train_17653_a_1,1
train_4464_a,train_4464_a_1,1
train_14031_a,train_14031_a_1,1
train_6130_a,train_6130_a_1,1
train_6122_a,train_6122_a_1,1
train_13074_a,train_13074_a_1,1
train_8421_a,train_8421_a_1,1
train_19097_a,train_19097_a_1,1
train_5522_a,train_5522_a_1,1
train_7161_a,train_7161_a_1,1
train_19973_a,train_19973_a_1,1
train_19968_a,train_19968_a_1,1
train_8006_a,train_8006_a_1,1
train_1873_a,train_1873_a_1,1
train_11880_a,train_11880_a_1,1
train_17722_a,train_17722_a_1,1
train_14360_a,train_14360_a_1,1
train_17979_a,train_17979_a_1,1
train_5752_a,train_5752_a_1,1
train_1712_a,train_1712_a_1,1
train_4170_a,train_4170_a_1,1
train_8222_a,train_8222_a_1,1
train_15483_a,train_15483_a_1,1
train_9836_a,train_9836_a_1,1
train_17764_a,train_17764_a_1,1
train_7334_a,train_7334_a_1,1
train_18687_a,train_18687_a_1,1
train_17557_a,train_17557_a_1,1
train_14648_a,train_14648_a_1,1
train_7236_a,train_7236_a_1,1
train_13367_a,train_13367_a_1,1
train_6177_a,train_6177_a_1,1
train_13215_a,train_13215_a_1,1
train_6408_a,train_6408_a_1,1
train_16954_a,train_16954_a_1,1
train_14458_a,train_14458_a_1,1
train_5456_a,train_5456_a_1,1
train_6056_a,train_6056_a_1,1
train_15486_a,train_15486_a_1,1
train_10144_a,train_10144_a_1,1
train_2884_a,train_2884_a_1,1
train_5187_a,train_5187_a_1,1
train_9126_a,train_9126_a_1,1
train_19361_a,train_19361_a_1,1
train_16722_a,train_16722_a_1,1
train_13947_a,train_13947_a_1,1
train_4237_a,train_4237_a_1,1
train_14839_a,train_14839_a_1,1
train_9588_a,train_9588_a_1,1
train_1681_a,train_1681_a_1,1
train_9209_a,train_9209_a_1,1
train_3237_a,train_3237_a_1,1
train_10113_a,train_10113_a_1,1
train_11103_a,train_11103_a_1,1
train_7007_a,train_7007_a_1,1
train_10747_a,train_10747_a_1,1
train_1001_a,train_1001_a_1,1
train_10454_a,train_10454_a_1,1
train_18599_a,train_18599_a_1,1
train_3027_a,train_3027_a_1,1
train_13525_a,train_13525_a_1,1
train_478_a,train_478_a_1,1
train_10726_a,train_10726_a_1,1
train_6720_a,train_6720_a_1,1
train_8231_a,train_8231_a_1,1
train_7397_a,train_7397_a_1,1
train_7181_a,train_7181_a_1,1
train_4949_a,train_4949_a_1,1
train_5552_a,train_5552_a_1,1
train_7298_a,train_7298_a_1,1
train_13198_a,train_13198_a_1,1
train_8056_a,train_8056_a_1,1
train_15525_a,train_15525_a_1,1
train_16536_a,train_16536_a_1,1
train_9376_a,train_9376_a_1,1
train_3181_a,train_3181_a_1,1
train_16758_a,train_16758_a_1,1
train_14365_a,train_14365_a_1,1
train_17898_a,train_17898_a_1,1
train_13238_a,train_13238_a_1,1
train_472_a,train_472_a_1,1
train_9500_a,train_9500_a_1,1
train_18411_a,train_18411_a_1,1
train_15932_a,train_15932_a_1,1
train_3170_a,train_3170_a_1,1
train_12250_a,train_12250_a_1,1
train_19693_a,train_19693_a_1,1
train_7684_a,train_7684_a_1,1
train_14625_a,train_14625_a_1,1
train_1577_a,train_1577_a_1,1
train_16888_a,train_16888_a_1,1
train_3153_a,train_3153_a_1,1
train_14992_a,train_14992_a_1,1
train_6109_a,train_6109_a_1,1
train_10377_a,train_10377_a_1,1
train_16657_a,train_16657_a_1,1
train_19413_a,train_19413_a_1,1
train_19178_a,train_19178_a_1,1
train_6943_a,train_6943_a_1,1
train_3999_a,train_3999_a_1,1
train_9413_a,train_9413_a_1,1
train_5616_a,train_5616_a_1,1
train_17532_a,train_17532_a_1,1
train_15364_a,train_15364_a_1,1
train_14055_a,train_14055_a_1,1
train_17213_a,train_17213_a_1,1
train_2464_a,train_2464_a_1,1
train_14785_a,train_14785_a_1,1
train_17266_a,train_17266_a_1,1
train_12698_a,train_12698_a_1,1
train_7760_a,train_7760_a_1,1
train_15487_a,train_15487_a_1,1
train_632_a,train_632_a_1,1
train_13955_a,train_13955_a_1,1
train_17845_a,train_17845_a_1,1
train_13526_a,train_13526_a_1,1
train_3673_a,train_3673_a_1,1
train_2563_a,train_2563_a_1,1
train_6379_a,train_6379_a_1,1
train_5005_a,train_5005_a_1,1
train_7648_a,train_7648_a_1,1
train_12407_a,train_12407_a_1,1
train_17386_a,train_17386_a_1,1
train_12922_a,train_12922_a_1,1
train_18378_a,train_18378_a_1,1
train_18530_a,train_18530_a_1,1
train_8254_a,train_8254_a_1,1
train_8090_a,train_8090_a_1,1
train_19409_a,train_19409_a_1,1
train_8375_a,train_8375_a_1,1
train_5119_a,train_5119_a_1,1
train_18576_a,train_18576_a_1,1
train_14632_a,train_14632_a_1,1
train_5508_a,train_5508_a_1,1
train_19666_a,train_19666_a_1,1
train_13165_a,train_13165_a_1,1
train_2014_a,train_2014_a_1,1
train_1779_a,train_1779_a_1,1
train_19018_a,train_19018_a_1,1
train_7137_a,train_7137_a_1,1
train_10162_a,train_10162_a_1,1
train_5868_a,train_5868_a_1,1
train_10760_a,train_10760_a_1,1
train_18990_a,train_18990_a_1,1
train_312_a,train_312_a_1,1
train_13962_a,train_13962_a_1,1
train_10213_a,train_10213_a_1,1
train_2231_a,train_2231_a_1,1
train_11979_a,train_11979_a_1,1
train_14012_a,train_14012_a_1,1
train_10069_a,train_10069_a_1,1
train_609_a,train_609_a_1,1
train_13445_a,train_13445_a_1,1
train_1039_a,train_1039_a_1,1
train_3536_a,train_3536_a_1,1
train_17662_a,train_17662_a_1,1
train_14538_a,train_14538_a_1,1
train_3340_a,train_3340_a_1,1
train_591_a,train_591_a_1,1
train_4721_a,train_4721_a_1,1
train_14340_a,train_14340_a_1,1
train_14689_a,train_14689_a_1,1
train_6685_a,train_6685_a_1,1
train_4816_a,train_4816_a_1,1
train_16155_a,train_16155_a_1,1
train_10208_a,train_10208_a_1,1
train_8577_a,train_8577_a_1,1
train_13405_a,train_13405_a_1,1
train_268_a,train_268_a_1,1
train_13182_a,train_13182_a_1,1
train_10563_a,train_10563_a_1,1
train_11051_a,train_11051_a_1,1
train_14923_a,train_14923_a_1,1
train_8755_a,train_8755_a_1,1
train_185_a,train_185_a_1,1
train_14636_a,train_14636_a_1,1
train_17992_a,train_17992_a_1,1
train_12784_a,train_12784_a_1,1
train_19621_a,train_19621_a_1,1
train_10320_a,train_10320_a_1,1
train_10644_a,train_10644_a_1,1
train_17245_a,train_17245_a_1,1
train_7332_a,train_7332_a_1,1
train_13940_a,train_13940_a_1,1
train_2240_a,train_2240_a_1,1
train_8379_a,train_8379_a_1,1
train_18473_a,train_18473_a_1,1
train_2380_a,train_2380_a_1,1
train_14423_a,train_14423_a_1,1
train_15387_a,train_15387_a_1,1
train_11246_a,train_11246_a_1,1
train_16807_a,train_16807_a_1,1
train_12184_a,train_12184_a_1,1
train_9118_a,train_9118_a_1,1
train_18534_a,train_18534_a_1,1
train_15159_a,train_15159_a_1,1
train_16909_a,train_16909_a_1,1
train_6428_a,train_6428_a_1,1
train_17377_a,train_17377_a_1,1
train_18753_a,train_18753_a_1,1
train_6465_a,train_6465_a_1,1
train_3949_a,train_3949_a_1,1
train_6892_a,train_6892_a_1,1
train_14032_a,train_14032_a_1,1
train_12868_a,train_12868_a_1,1
train_2748_a,train_2748_a_1,1
train_6440_a,train_6440_a_1,1
train_18401_a,train_18401_a_1,1
train_11589_a,train_11589_a_1,1
train_15014_a,train_15014_a_1,1
train_8600_a,train_8600_a_1,1
train_7382_a,train_7382_a_1,1
train_10546_a,train_10546_a_1,1
train_7130_a,train_7130_a_1,1
train_16952_a,train_16952_a_1,1
train_14742_a,train_14742_a_1,1
train_9674_a,train_9674_a_1,1
train_18011_a,train_18011_a_1,1
train_13927_a,train_13927_a_1,1
train_18304_a,train_18304_a_1,1
train_14969_a,train_14969_a_1,1
train_12587_a,train_12587_a_1,1
train_11435_a,train_11435_a_1,1
train_5093_a,train_5093_a_1,1
train_11709_a,train_11709_a_1,1
train_7553_a,train_7553_a_1,1
train_10397_a,train_10397_a_1,1
train_7570_a,train_7570_a_1,1
train_8658_a,train_8658_a_1,1
train_14912_a,train_14912_a_1,1
train_9605_a,train_9605_a_1,1
train_19634_a,train_19634_a_1,1
train_5236_a,train_5236_a_1,1
train_12168_a,train_12168_a_1,1
train_18180_a,train_18180_a_1,1
train_7050_a,train_7050_a_1,1
train_17813_a,train_17813_a_1,1
train_1602_a,train_1602_a_1,1
train_2096_a,train_2096_a_1,1
train_17118_a,train_17118_a_1,1
train_3194_a,train_3194_a_1,1
train_7061_a,train_7061_a_1,1
train_17821_a,train_17821_a_1,1
train_14890_a,train_14890_a_1,1
train_15678_a,train_15678_a_1,1
train_18088_a,train_18088_a_1,1
train_647_a,train_647_a_1,1
train_8778_a,train_8778_a_1,1
train_5516_a,train_5516_a_1,1
train_9484_a,train_9484_a_1,1
train_2649_a,train_2649_a_1,1
train_6948_a,train_6948_a_1,1
train_17696_a,train_17696_a_1,1
train_18062_a,train_18062_a_1,1
train_272_a,train_272_a_1,1
train_5926_a,train_5926_a_1,1
train_19806_a,train_19806_a_1,1
train_1600_a,train_1600_a_1,1
train_7798_a,train_7798_a_1,1
train_16945_a,train_16945_a_1,1
train_396_a,train_396_a_1,1
train_6025_a,train_6025_a_1,1
train_5103_a,train_5103_a_1,1
train_3423_a,train_3423_a_1,1
train_16712_a,train_16712_a_1,1
train_13749_a,train_13749_a_1,1
train_14561_a,train_14561_a_1,1
train_819_a,train_819_a_1,1
train_1320_a,train_1320_a_1,1
train_6228_a,train_6228_a_1,1
train_10029_a,train_10029_a_1,1
train_8539_a,train_8539_a_1,1
train_8691_a,train_8691_a_1,1
train_6967_a,train_6967_a_1,1
train_16865_a,train_16865_a_1,1
train_16951_a,train_16951_a_1,1
train_10394_a,train_10394_a_1,1
train_15687_a,train_15687_a_1,1
train_13960_a,train_13960_a_1,1
train_1063_a,train_1063_a_1,1
train_7518_a,train_7518_a_1,1
train_14664_a,train_14664_a_1,1
train_16893_a,train_16893_a_1,1
train_9091_a,train_9091_a_1,1
train_9559_a,train_9559_a_1,1
train_240_a,train_240_a_1,1
train_19039_a,train_19039_a_1,1
train_18191_a,train_18191_a_1,1
train_19495_a,train_19495_a_1,1
train_19489_a,train_19489_a_1,1
train_5442_a,train_5442_a_1,1
train_15308_a,train_15308_a_1,1
train_8252_a,train_8252_a_1,1
train_12882_a,train_12882_a_1,1
train_3686_a,train_3686_a_1,1
train_5610_a,train_5610_a_1,1
train_15532_a,train_15532_a_1,1
train_14872_a,train_14872_a_1,1
train_1694_a,train_1694_a_1,1
train_16216_a,train_16216_a_1,1
train_18310_a,train_18310_a_1,1
train_5664_a,train_5664_a_1,1
train_1829_a,train_1829_a_1,1
train_432_a,train_432_a_1,1
train_146_a,train_146_a_1,1
train_3559_a,train_3559_a_1,1
train_17608_a,train_17608_a_1,1
train_10691_a,train_10691_a_1,1
train_12963_a,train_12963_a_1,1
train_14901_a,train_14901_a_1,1
train_12757_a,train_12757_a_1,1
train_13694_a,train_13694_a_1,1
train_1445_a,train_1445_a_1,1
train_3401_a,train_3401_a_1,1
train_19696_a,train_19696_a_1,1
train_369_a,train_369_a_1,1
train_1278_a,train_1278_a_1,1
train_1675_a,train_1675_a_1,1
train_5286_a,train_5286_a_1,1
train_1643_a,train_1643_a_1,1
train_14692_a,train_14692_a_1,1
train_4156_a,train_4156_a_1,1
train_2808_a,train_2808_a_1,1
train_11456_a,train_11456_a_1,1
train_12500_a,train_12500_a_1,1
train_3678_a,train_3678_a_1,1
train_124_a,train_124_a_1,1
train_14560_a,train_14560_a_1,1
train_19615_a,train_19615_a_1,1
train_9894_a,train_9894_a_1,1
train_3720_a,train_3720_a_1,1
train_9084_a,train_9084_a_1,1
train_2471_a,train_2471_a_1,1
train_14214_a,train_14214_a_1,1
train_5667_a,train_5667_a_1,1
train_18529_a,train_18529_a_1,1
train_19147_a,train_19147_a_1,1
train_14021_a,train_14021_a_1,1
train_11908_a,train_11908_a_1,1
train_13159_a,train_13159_a_1,1
train_11904_a,train_11904_a_1,1
train_10316_a,train_10316_a_1,1
train_13152_a,train_13152_a_1,1
train_11693_a,train_11693_a_1,1
train_6952_a,train_6952_a_1,1
train_474_a,train_474_a_1,1
train_1378_a,train_1378_a_1,1
train_4475_a,train_4475_a_1,1
train_1464_a,train_1464_a_1,1
train_2020_a,train_2020_a_1,1
train_9345_a,train_9345_a_1,1
train_15907_a,train_15907_a_1,1
train_10788_a,train_10788_a_1,1
train_14144_a,train_14144_a_1,1
train_4513_a,train_4513_a_1,1
train_15750_a,train_15750_a_1,1
train_302_a,train_302_a_1,1
train_11865_a,train_11865_a_1,1
train_10224_a,train_10224_a_1,1
train_2952_a,train_2952_a_1,1
train_18064_a,train_18064_a_1,1
train_12830_a,train_12830_a_1,1
train_9212_a,train_9212_a_1,1
train_9985_a,train_9985_a_1,1
train_13210_a,train_13210_a_1,1
train_9323_a,train_9323_a_1,1
train_12491_a,train_12491_a_1,1
train_9067_a,train_9067_a_1,1
train_1132_a,train_1132_a_1,1
train_12889_a,train_12889_a_1,1
train_6959_a,train_6959_a_1,1
train_5054_a,train_5054_a_1,1
train_11512_a,train_11512_a_1,1
train_2436_a,train_2436_a_1,1
train_12424_a,train_12424_a_1,1
train_17190_a,train_17190_a_1,1
train_10758_a,train_10758_a_1,1
train_11932_a,train_11932_a_1,1
train_15177_a,train_15177_a_1,1
train_4123_a,train_4123_a_1,1
train_995_a,train_995_a_1,1
train_2315_a,train_2315_a_1,1
train_17585_a,train_17585_a_1,1
train_13676_a,train_13676_a_1,1
train_7973_a,train_7973_a_1,1
train_3138_a,train_3138_a_1,1
train_18220_a,train_18220_a_1,1
train_7479_a,train_7479_a_1,1
train_3718_a,train_3718_a_1,1
train_7833_a,train_7833_a_1,1
train_7822_a,train_7822_a_1,1
train_15142_a,train_15142_a_1,1
train_19024_a,train_19024_a_1,1
train_2264_a,train_2264_a_1,1
train_14019_a,train_14019_a_1,1
train_19446_a,train_19446_a_1,1
train_15517_a,train_15517_a_1,1
train_6525_a,train_6525_a_1,1
train_7862_a,train_7862_a_1,1
train_12683_a,train_12683_a_1,1
train_3513_a,train_3513_a_1,1
train_15315_a,train_15315_a_1,1
train_8787_a,train_8787_a_1,1
train_19936_a,train_19936_a_1,1
train_6821_a,train_6821_a_1,1
train_3388_a,train_3388_a_1,1
train_9446_a,train_9446_a_1,1
train_6860_a,train_6860_a_1,1
train_11276_a,train_11276_a_1,1
train_9643_a,train_9643_a_1,1
train_14370_a,train_14370_a_1,1
train_10003_a,train_10003_a_1,1
train_17024_a,train_17024_a_1,1
train_7478_a,train_7478_a_1,1
train_16598_a,train_16598_a_1,1
train_956_a,train_956_a_1,1
train_15030_a,train_15030_a_1,1
train_15695_a,train_15695_a_1,1
train_18362_a,train_18362_a_1,1
train_14637_a,train_14637_a_1,1
train_809_a,train_809_a_1,1
train_8050_a,train_8050_a_1,1
train_16776_a,train_16776_a_1,1
train_8849_a,train_8849_a_1,1
train_9631_a,train_9631_a_1,1
train_2205_a,train_2205_a_1,1
train_314_a,train_314_a_1,1
train_12756_a,train_12756_a_1,1
train_7866_a,train_7866_a_1,1
train_12656_a,train_12656_a_1,1
train_18114_a,train_18114_a_1,1
train_2371_a,train_2371_a_1,1
train_14787_a,train_14787_a_1,1
train_14460_a,train_14460_a_1,1
train_16110_a,train_16110_a_1,1
train_16672_a,train_16672_a_1,1
train_4379_a,train_4379_a_1,1
train_5886_a,train_5886_a_1,1
train_5502_a,train_5502_a_1,1
train_14575_a,train_14575_a_1,1
train_19924_a,train_19924_a_1,1
train_342_a,train_342_a_1,1
train_18231_a,train_18231_a_1,1
train_14779_a,train_14779_a_1,1
train_2705_a,train_2705_a_1,1
train_9769_a,train_9769_a_1,1
train_17080_a,train_17080_a_1,1
train_4220_a,train_4220_a_1,1
train_18564_a,train_18564_a_1,1
train_973_a,train_973_a_1,1
train_7402_a,train_7402_a_1,1
train_14109_a,train_14109_a_1,1
train_15858_a,train_15858_a_1,1
train_14520_a,train_14520_a_1,1
train_3533_a,train_3533_a_1,1
train_9647_a,train_9647_a_1,1
train_18194_a,train_18194_a_1,1
train_1588_a,train_1588_a_1,1
train_12965_a,train_12965_a_1,1
train_4736_a,train_4736_a_1,1
train_10465_a,train_10465_a_1,1
train_2528_a,train_2528_a_1,1
train_1511_a,train_1511_a_1,1
train_10024_a,train_10024_a_1,1
train_1123_a,train_1123_a_1,1
train_5990_a,train_5990_a_1,1
train_9204_a,train_9204_a_1,1
train_15906_a,train_15906_a_1,1
train_5361_a,train_5361_a_1,1
train_14539_a,train_14539_a_1,1
train_12886_a,train_12886_a_1,1
train_5626_a,train_5626_a_1,1
train_14600_a,train_14600_a_1,1
train_1342_a,train_1342_a_1,1
train_8728_a,train_8728_a_1,1
train_2459_a,train_2459_a_1,1
train_3879_a,train_3879_a_1,1
train_4860_a,train_4860_a_1,1
train_10105_a,train_10105_a_1,1
train_2577_a,train_2577_a_1,1
train_18899_a,train_18899_a_1,1
train_12578_a,train_12578_a_1,1
train_7619_a,train_7619_a_1,1
train_3386_a,train_3386_a_1,1
train_14201_a,train_14201_a_1,1
train_1185_a,train_1185_a_1,1
train_4829_a,train_4829_a_1,1
train_2542_a,train_2542_a_1,1
train_11742_a,train_11742_a_1,1
train_14999_a,train_14999_a_1,1
train_15693_a,train_15693_a_1,1
train_7419_a,train_7419_a_1,1
train_7679_a,train_7679_a_1,1
train_8581_a,train_8581_a_1,1
train_1219_a,train_1219_a_1,1
train_19284_a,train_19284_a_1,1
train_9486_a,train_9486_a_1,1
train_4645_a,train_4645_a_1,1
train_6018_a,train_6018_a_1,1
train_3844_a,train_3844_a_1,1
train_3164_a,train_3164_a_1,1
train_18998_a,train_18998_a_1,1
train_17411_a,train_17411_a_1,1
train_7840_a,train_7840_a_1,1
train_15657_a,train_15657_a_1,1
train_13782_a,train_13782_a_1,1
train_937_a,train_937_a_1,1
train_12418_a,train_12418_a_1,1
train_5901_a,train_5901_a_1,1
train_16096_a,train_16096_a_1,1
train_15299_a,train_15299_a_1,1
train_11257_a,train_11257_a_1,1
train_5536_a,train_5536_a_1,1
train_17906_a,train_17906_a_1,1
train_2969_a,train_2969_a_1,1
train_15086_a,train_15086_a_1,1
train_8820_a,train_8820_a_1,1
train_18146_a,train_18146_a_1,1
train_6393_a,train_6393_a_1,1
train_13223_a,train_13223_a_1,1
train_9415_a,train_9415_a_1,1
train_18446_a,train_18446_a_1,1
train_11419_a,train_11419_a_1,1
train_18359_a,train_18359_a_1,1
train_11506_a,train_11506_a_1,1
train_7205_a,train_7205_a_1,1
train_19954_a,train_19954_a_1,1
train_7409_a,train_7409_a_1,1
train_620_a,train_620_a_1,1
train_10754_a,train_10754_a_1,1
train_6096_a,train_6096_a_1,1
train_2953_a,train_2953_a_1,1
train_12914_a,train_12914_a_1,1
train_19118_a,train_19118_a_1,1
train_13426_a,train_13426_a_1,1
train_14486_a,train_14486_a_1,1
train_211_a,train_211_a_1,1
train_17642_a,train_17642_a_1,1
train_12236_a,train_12236_a_1,1
train_19031_a,train_19031_a_1,1
train_7377_a,train_7377_a_1,1
train_4279_a,train_4279_a_1,1
train_9560_a,train_9560_a_1,1
train_10876_a,train_10876_a_1,1
train_17203_a,train_17203_a_1,1
train_12644_a,train_12644_a_1,1
train_14341_a,train_14341_a_1,1
train_14046_a,train_14046_a_1,1
train_12127_a,train_12127_a_1,1
train_2596_a,train_2596_a_1,1
train_14301_a,train_14301_a_1,1
train_4933_a,train_4933_a_1,1
train_9589_a,train_9589_a_1,1
train_3215_a,train_3215_a_1,1
train_15559_a,train_15559_a_1,1
train_13597_a,train_13597_a_1,1
train_7753_a,train_7753_a_1,1
train_7071_a,train_7071_a_1,1
train_1052_a,train_1052_a_1,1
train_5978_a,train_5978_a_1,1
train_5822_a,train_5822_a_1,1
train_19360_a,train_19360_a_1,1
train_9930_a,train_9930_a_1,1
train_18324_a,train_18324_a_1,1
train_19688_a,train_19688_a_1,1
train_2335_a,train_2335_a_1,1
train_15137_a,train_15137_a_1,1
train_10359_a,train_10359_a_1,1
train_6925_a,train_6925_a_1,1
train_19064_a,train_19064_a_1,1
train_7682_a,train_7682_a_1,1
train_17180_a,train_17180_a_1,1
train_14164_a,train_14164_a_1,1
train_14569_a,train_14569_a_1,1
train_6099_a,train_6099_a_1,1
train_19561_a,train_19561_a_1,1
train_18950_a,train_18950_a_1,1
train_18077_a,train_18077_a_1,1
train_10744_a,train_10744_a_1,1
train_5388_a,train_5388_a_1,1
train_19783_a,train_19783_a_1,1
train_17569_a,train_17569_a_1,1
train_10663_a,train_10663_a_1,1
train_16095_a,train_16095_a_1,1
train_2601_a,train_2601_a_1,1
train_1426_a,train_1426_a_1,1
train_2290_a,train_2290_a_1,1
train_8887_a,train_8887_a_1,1
train_15328_a,train_15328_a_1,1
train_7300_a,train_7300_a_1,1
train_3402_a,train_3402_a_1,1
train_14082_a,train_14082_a_1,1
train_15260_a,train_15260_a_1,1
train_17746_a,train_17746_a_1,1
train_7290_a,train_7290_a_1,1
train_15405_a,train_15405_a_1,1
train_5320_a,train_5320_a_1,1
train_3738_a,train_3738_a_1,1
train_5012_a,train_5012_a_1,1
train_774_a,train_774_a_1,1
train_852_a,train_852_a_1,1
train_3332_a,train_3332_a_1,1
train_9036_a,train_9036_a_1,1
train_19058_a,train_19058_a_1,1
train_581_a,train_581_a_1,1
train_6309_a,train_6309_a_1,1
train_17886_a,train_17886_a_1,1
train_12639_a,train_12639_a_1,1
train_6785_a,train_6785_a_1,1
train_6238_a,train_6238_a_1,1
train_18969_a,train_18969_a_1,1
train_9135_a,train_9135_a_1,1
train_10818_a,train_10818_a_1,1
train_17240_a,train_17240_a_1,1
train_9319_a,train_9319_a_1,1
train_19203_a,train_19203_a_1,1
train_6548_a,train_6548_a_1,1
train_8776_a,train_8776_a_1,1
train_385_a,train_385_a_1,1
train_13412_a,train_13412_a_1,1
train_12331_a,train_12331_a_1,1
train_14290_a,train_14290_a_1,1
train_14777_a,train_14777_a_1,1
train_17822_a,train_17822_a_1,1
train_16828_a,train_16828_a_1,1
train_17104_a,train_17104_a_1,1
train_9359_a,train_9359_a_1,1
train_19356_a,train_19356_a_1,1
train_13966_a,train_13966_a_1,1
train_16352_a,train_16352_a_1,1
train_5247_a,train_5247_a_1,1
train_820_a,train_820_a_1,1
train_16384_a,train_16384_a_1,1
train_12205_a,train_12205_a_1,1
train_1523_a,train_1523_a_1,1
train_692_a,train_692_a_1,1
train_1168_a,train_1168_a_1,1
train_11551_a,train_11551_a_1,1
train_5816_a,train_5816_a_1,1
train_2749_a,train_2749_a_1,1
train_13421_a,train_13421_a_1,1
train_17904_a,train_17904_a_1,1
train_13862_a,train_13862_a_1,1
train_7719_a,train_7719_a_1,1
train_6930_a,train_6930_a_1,1
train_6100_a,train_6100_a_1,1
train_13649_a,train_13649_a_1,1
train_3571_a,train_3571_a_1,1
train_2372_a,train_2372_a_1,1
train_4716_a,train_4716_a_1,1
train_18380_a,train_18380_a_1,1
train_2659_a,train_2659_a_1,1
train_3666_a,train_3666_a_1,1
train_6663_a,train_6663_a_1,1
train_15128_a,train_15128_a_1,1
train_18784_a,train_18784_a_1,1
train_19533_a,train_19533_a_1,1
train_19617_a,train_19617_a_1,1
train_8832_a,train_8832_a_1,1
train_19754_a,train_19754_a_1,1
train_7720_a,train_7720_a_1,1
train_8564_a,train_8564_a_1,1
train_8959_a,train_8959_a_1,1
train_4482_a,train_4482_a_1,1
train_17541_a,train_17541_a_1,1
train_17005_a,train_17005_a_1,1
train_14532_a,train_14532_a_1,1
train_11885_a,train_11885_a_1,1
train_15846_a,train_15846_a_1,1
train_4243_a,train_4243_a_1,1
train_1334_a,train_1334_a_1,1
train_14791_a,train_14791_a_1,1
train_12350_a,train_12350_a_1,1
train_9509_a,train_9509_a_1,1
train_3091_a,train_3091_a_1,1
train_11974_a,train_11974_a_1,1
train_10979_a,train_10979_a_1,1
train_6722_a,train_6722_a_1,1
train_18149_a,train_18149_a_1,1
train_15484_a,train_15484_a_1,1
train_346_a,train_346_a_1,1
train_19957_a,train_19957_a_1,1
train_7179_a,train_7179_a_1,1
train_14210_a,train_14210_a_1,1
train_10940_a,train_10940_a_1,1
train_13279_a,train_13279_a_1,1
train_4186_a,train_4186_a_1,1
train_15790_a,train_15790_a_1,1
train_12986_a,train_12986_a_1,1
train_17873_a,train_17873_a_1,1
train_13089_a,train_13089_a_1,1
train_17498_a,train_17498_a_1,1
train_9827_a,train_9827_a_1,1
train_7376_a,train_7376_a_1,1
train_15106_a,train_15106_a_1,1
train_11811_a,train_11811_a_1,1
train_1786_a,train_1786_a_1,1
train_9123_a,train_9123_a_1,1
train_3837_a,train_3837_a_1,1
train_10159_a,train_10159_a_1,1
train_11068_a,train_11068_a_1,1
train_777_a,train_777_a_1,1
train_16986_a,train_16986_a_1,1
train_9734_a,train_9734_a_1,1
train_11766_a,train_11766_a_1,1
train_4728_a,train_4728_a_1,1
train_15998_a,train_15998_a_1,1
train_6849_a,train_6849_a_1,1
train_256_a,train_256_a_1,1
train_5967_a,train_5967_a_1,1
train_3555_a,train_3555_a_1,1
train_10398_a,train_10398_a_1,1
train_12035_a,train_12035_a_1,1
train_3550_a,train_3550_a_1,1
train_391_a,train_391_a_1,1
train_668_a,train_668_a_1,1
train_5773_a,train_5773_a_1,1
train_8537_a,train_8537_a_1,1
train_9377_a,train_9377_a_1,1
train_10560_a,train_10560_a_1,1
train_1884_a,train_1884_a_1,1
train_2590_a,train_2590_a_1,1
train_769_a,train_769_a_1,1
train_540_a,train_540_a_1,1
train_13308_a,train_13308_a_1,1
train_6565_a,train_6565_a_1,1
train_8669_a,train_8669_a_1,1
train_7480_a,train_7480_a_1,1
train_19245_a,train_19245_a_1,1
train_17184_a,train_17184_a_1,1
train_5900_a,train_5900_a_1,1
train_13491_a,train_13491_a_1,1
train_13954_a,train_13954_a_1,1
train_17859_a,train_17859_a_1,1
train_19652_a,train_19652_a_1,1
train_1163_a,train_1163_a_1,1
train_6425_a,train_6425_a_1,1
train_14339_a,train_14339_a_1,1
train_3328_a,train_3328_a_1,1
train_2116_a,train_2116_a_1,1
train_7801_a,train_7801_a_1,1
train_17473_a,train_17473_a_1,1
train_12556_a,train_12556_a_1,1
train_13248_a,train_13248_a_1,1
train_9356_a,train_9356_a_1,1
train_7122_a,train_7122_a_1,1
train_471_a,train_471_a_1,1
train_17006_a,train_17006_a_1,1
train_9799_a,train_9799_a_1,1
train_8768_a,train_8768_a_1,1
train_9804_a,train_9804_a_1,1
train_2155_a,train_2155_a_1,1
train_4254_a,train_4254_a_1,1
train_17615_a,train_17615_a_1,1
train_384_a,train_384_a_1,1
train_4508_a,train_4508_a_1,1
train_9752_a,train_9752_a_1,1
train_5462_a,train_5462_a_1,1
train_17883_a,train_17883_a_1,1
train_1762_a,train_1762_a_1,1
train_8611_a,train_8611_a_1,1
train_11160_a,train_11160_a_1,1
train_13448_a,train_13448_a_1,1
train_2364_a,train_2364_a_1,1
train_3065_a,train_3065_a_1,1
train_18881_a,train_18881_a_1,1
train_13551_a,train_13551_a_1,1
train_16622_a,train_16622_a_1,1
train_8531_a,train_8531_a_1,1
train_5547_a,train_5547_a_1,1
train_1395_a,train_1395_a_1,1
train_9145_a,train_9145_a_1,1
train_16481_a,train_16481_a_1,1
train_5919_a,train_5919_a_1,1
train_15785_a,train_15785_a_1,1
train_6949_a,train_6949_a_1,1
train_4726_a,train_4726_a_1,1
train_13844_a,train_13844_a_1,1
train_3773_a,train_3773_a_1,1
train_12069_a,train_12069_a_1,1
train_10181_a,train_10181_a_1,1
train_19584_a,train_19584_a_1,1
train_19794_a,train_19794_a_1,1
train_12189_a,train_12189_a_1,1
train_6154_a,train_6154_a_1,1
train_14140_a,train_14140_a_1,1
train_18103_a,train_18103_a_1,1
train_6539_a,train_6539_a_1,1
train_12612_a,train_12612_a_1,1
train_17367_a,train_17367_a_1,1
train_4603_a,train_4603_a_1,1
train_6411_a,train_6411_a_1,1
train_8263_a,train_8263_a_1,1
train_11985_a,train_11985_a_1,1
train_11547_a,train_11547_a_1,1
train_10715_a,train_10715_a_1,1
train_6320_a,train_6320_a_1,1
train_19414_a,train_19414_a_1,1
train_18774_a,train_18774_a_1,1
train_4881_a,train_4881_a_1,1
train_11759_a,train_11759_a_1,1
train_8467_a,train_8467_a_1,1
train_3270_a,train_3270_a_1,1
train_4691_a,train_4691_a_1,1
train_4743_a,train_4743_a_1,1
train_5482_a,train_5482_a_1,1
train_19005_a,train_19005_a_1,1
train_16363_a,train_16363_a_1,1
train_6518_a,train_6518_a_1,1
train_14288_a,train_14288_a_1,1
train_12885_a,train_12885_a_1,1
train_8167_a,train_8167_a_1,1
train_18978_a,train_18978_a_1,1
train_19720_a,train_19720_a_1,1
train_4518_a,train_4518_a_1,1
train_11424_a,train_11424_a_1,1
train_903_a,train_903_a_1,1
train_3731_a,train_3731_a_1,1
train_16650_a,train_16650_a_1,1
train_5071_a,train_5071_a_1,1
train_7445_a,train_7445_a_1,1
train_13778_a,train_13778_a_1,1
train_15551_a,train_15551_a_1,1
train_11892_a,train_11892_a_1,1
train_19043_a,train_19043_a_1,1
train_3034_a,train_3034_a_1,1
train_4495_a,train_4495_a_1,1
train_8927_a,train_8927_a_1,1
train_4303_a,train_4303_a_1,1
train_11999_a,train_11999_a_1,1
train_17826_a,train_17826_a_1,1
train_7322_a,train_7322_a_1,1
train_944_a,train_944_a_1,1
train_3730_a,train_3730_a_1,1
train_13659_a,train_13659_a_1,1
train_4260_a,train_4260_a_1,1
train_18962_a,train_18962_a_1,1
train_5091_a,train_5091_a_1,1
train_5078_a,train_5078_a_1,1
train_6488_a,train_6488_a_1,1
train_2870_a,train_2870_a_1,1
train_2972_a,train_2972_a_1,1
train_11341_a,train_11341_a_1,1
train_17045_a,train_17045_a_1,1
train_13157_a,train_13157_a_1,1
train_4505_a,train_4505_a_1,1
train_8016_a,train_8016_a_1,1
train_13363_a,train_13363_a_1,1
train_7662_a,train_7662_a_1,1
train_10638_a,train_10638_a_1,1
train_10927_a,train_10927_a_1,1
train_3657_a,train_3657_a_1,1
train_10562_a,train_10562_a_1,1
train_1303_a,train_1303_a_1,1
train_5022_a,train_5022_a_1,1
train_10775_a,train_10775_a_1,1
train_16189_a,train_16189_a_1,1
train_996_a,train_996_a_1,1
train_6305_a,train_6305_a_1,1
train_152_a,train_152_a_1,1
train_10570_a,train_10570_a_1,1
train_1146_a,train_1146_a_1,1
train_393_a,train_393_a_1,1
train_7392_a,train_7392_a_1,1
train_15836_a,train_15836_a_1,1
train_3466_a,train_3466_a_1,1
train_18827_a,train_18827_a_1,1
train_19104_a,train_19104_a_1,1
train_12019_a,train_12019_a_1,1
train_3722_a,train_3722_a_1,1
train_8984_a,train_8984_a_1,1
train_13179_a,train_13179_a_1,1
train_8456_a,train_8456_a_1,1
train_15386_a,train_15386_a_1,1
train_6158_a,train_6158_a_1,1
train_10883_a,train_10883_a_1,1
train_14986_a,train_14986_a_1,1
train_6233_a,train_6233_a_1,1
train_19249_a,train_19249_a_1,1
train_11107_a,train_11107_a_1,1
train_15703_a,train_15703_a_1,1
train_17961_a,train_17961_a_1,1
train_17995_a,train_17995_a_1,1
train_2733_a,train_2733_a_1,1
train_4143_a,train_4143_a_1,1
train_8893_a,train_8893_a_1,1
train_2395_a,train_2395_a_1,1
train_6373_a,train_6373_a_1,1
train_7813_a,train_7813_a_1,1
train_17824_a,train_17824_a_1,1
train_9237_a,train_9237_a_1,1
train_5511_a,train_5511_a_1,1
train_12590_a,train_12590_a_1,1
train_190_a,train_190_a_1,1
train_12390_a,train_12390_a_1,1
train_3418_a,train_3418_a_1,1
train_2844_a,train_2844_a_1,1
train_13959_a,train_13959_a_1,1
train_18193_a,train_18193_a_1,1
train_5282_a,train_5282_a_1,1
train_6275_a,train_6275_a_1,1
train_11848_a,train_11848_a_1,1
train_18202_a,train_18202_a_1,1
train_5853_a,train_5853_a_1,1
train_9644_a,train_9644_a_1,1
train_5643_a,train_5643_a_1,1
train_7503_a,train_7503_a_1,1
train_1434_a,train_1434_a_1,1
train_8519_a,train_8519_a_1,1
train_12596_a,train_12596_a_1,1
train_19702_a,train_19702_a_1,1
train_1337_a,train_1337_a_1,1
train_4730_a,train_4730_a_1,1
train_4817_a,train_4817_a_1,1
train_6064_a,train_6064_a_1,1
train_19480_a,train_19480_a_1,1
train_13254_a,train_13254_a_1,1
train_6124_a,train_6124_a_1,1
train_10056_a,train_10056_a_1,1
train_3842_a,train_3842_a_1,1
train_1834_a,train_1834_a_1,1
train_14203_a,train_14203_a_1,1
train_9466_a,train_9466_a_1,1
train_16941_a,train_16941_a_1,1
train_3862_a,train_3862_a_1,1
train_9147_a,train_9147_a_1,1
train_2923_a,train_2923_a_1,1
train_19337_a,train_19337_a_1,1
train_10568_a,train_10568_a_1,1
train_17454_a,train_17454_a_1,1
train_16851_a,train_16851_a_1,1
train_2735_a,train_2735_a_1,1
train_11295_a,train_11295_a_1,1
train_2330_a,train_2330_a_1,1
train_16375_a,train_16375_a_1,1
train_2071_a,train_2071_a_1,1
train_12423_a,train_12423_a_1,1
train_11039_a,train_11039_a_1,1
train_3913_a,train_3913_a_1,1
train_2169_a,train_2169_a_1,1
train_19023_a,train_19023_a_1,1
train_15052_a,train_15052_a_1,1
train_19429_a,train_19429_a_1,1
train_14225_a,train_14225_a_1,1
train_1846_a,train_1846_a_1,1
train_18098_a,train_18098_a_1,1
train_18175_a,train_18175_a_1,1
train_1683_a,train_1683_a_1,1
train_12646_a,train_12646_a_1,1
train_4325_a,train_4325_a_1,1
train_13256_a,train_13256_a_1,1
train_4270_a,train_4270_a_1,1
train_2434_a,train_2434_a_1,1
train_18415_a,train_18415_a_1,1
train_15754_a,train_15754_a_1,1
train_14888_a,train_14888_a_1,1
train_12807_a,train_12807_a_1,1
train_19191_a,train_19191_a_1,1
train_6441_a,train_6441_a_1,1
train_2421_a,train_2421_a_1,1
train_12322_a,train_12322_a_1,1
train_10233_a,train_10233_a_1,1
train_9192_a,train_9192_a_1,1
train_4515_a,train_4515_a_1,1
train_7723_a,train_7723_a_1,1
train_14695_a,train_14695_a_1,1
train_12013_a,train_12013_a_1,1
train_14618_a,train_14618_a_1,1
train_9180_a,train_9180_a_1,1
train_12196_a,train_12196_a_1,1
train_7337_a,train_7337_a_1,1
train_8993_a,train_8993_a_1,1
train_10553_a,train_10553_a_1,1
train_3275_a,train_3275_a_1,1
train_8563_a,train_8563_a_1,1
train_6215_a,train_6215_a_1,1
train_14481_a,train_14481_a_1,1
train_1006_a,train_1006_a_1,1
train_4492_a,train_4492_a_1,1
train_4396_a,train_4396_a_1,1
train_6641_a,train_6641_a_1,1
train_12686_a,train_12686_a_1,1
train_236_a,train_236_a_1,1
train_9705_a,train_9705_a_1,1
train_6794_a,train_6794_a_1,1
train_8637_a,train_8637_a_1,1
train_4818_a,train_4818_a_1,1
train_15635_a,train_15635_a_1,1
train_11211_a,train_11211_a_1,1
train_16028_a,train_16028_a_1,1
train_12652_a,train_12652_a_1,1
train_15231_a,train_15231_a_1,1
train_1965_a,train_1965_a_1,1
train_488_a,train_488_a_1,1
train_6520_a,train_6520_a_1,1
train_16654_a,train_16654_a_1,1
train_13354_a,train_13354_a_1,1
train_16337_a,train_16337_a_1,1
train_3915_a,train_3915_a_1,1
train_15329_a,train_15329_a_1,1
train_15378_a,train_15378_a_1,1
train_11856_a,train_11856_a_1,1
train_1743_a,train_1743_a_1,1
train_6917_a,train_6917_a_1,1
train_3838_a,train_3838_a_1,1
train_5239_a,train_5239_a_1,1
train_238_a,train_238_a_1,1
train_11613_a,train_11613_a_1,1
train_17790_a,train_17790_a_1,1
train_16090_a,train_16090_a_1,1
train_15104_a,train_15104_a_1,1
train_8624_a,train_8624_a_1,1
train_10467_a,train_10467_a_1,1
train_5655_a,train_5655_a_1,1
train_9708_a,train_9708_a_1,1
train_477_a,train_477_a_1,1
train_3685_a,train_3685_a_1,1
train_12251_a,train_12251_a_1,1
train_1197_a,train_1197_a_1,1
train_18953_a,train_18953_a_1,1
train_95_a,train_95_a_1,1
train_13945_a,train_13945_a_1,1
train_3610_a,train_3610_a_1,1
train_15883_a,train_15883_a_1,1
train_15636_a,train_15636_a_1,1
train_4188_a,train_4188_a_1,1
train_18297_a,train_18297_a_1,1
train_18133_a,train_18133_a_1,1
train_6405_a,train_6405_a_1,1
train_3445_a,train_3445_a_1,1
train_8861_a,train_8861_a_1,1
train_17394_a,train_17394_a_1,1
train_4012_a,train_4012_a_1,1
train_15704_a,train_15704_a_1,1
train_19624_a,train_19624_a_1,1
train_6752_a,train_6752_a_1,1
train_9429_a,train_9429_a_1,1
train_2873_a,train_2873_a_1,1
train_16955_a,train_16955_a_1,1
train_9688_a,train_9688_a_1,1
train_9535_a,train_9535_a_1,1
train_16699_a,train_16699_a_1,1
train_6506_a,train_6506_a_1,1
train_15374_a,train_15374_a_1,1
train_12890_a,train_12890_a_1,1
train_17534_a,train_17534_a_1,1
train_1487_a,train_1487_a_1,1
train_14728_a,train_14728_a_1,1
train_12566_a,train_12566_a_1,1
train_15201_a,train_15201_a_1,1
train_9378_a,train_9378_a_1,1
train_11279_a,train_11279_a_1,1
train_10266_a,train_10266_a_1,1
train_1136_a,train_1136_a_1,1
train_7238_a,train_7238_a_1,1
train_855_a,train_855_a_1,1
train_17331_a,train_17331_a_1,1
train_17452_a,train_17452_a_1,1
train_9698_a,train_9698_a_1,1
train_15430_a,train_15430_a_1,1
train_10391_a,train_10391_a_1,1
train_10711_a,train_10711_a_1,1
train_4901_a,train_4901_a_1,1
train_16833_a,train_16833_a_1,1
train_6695_a,train_6695_a_1,1
train_3230_a,train_3230_a_1,1
train_19077_a,train_19077_a_1,1
train_19583_a,train_19583_a_1,1
train_8482_a,train_8482_a_1,1
train_12233_a,train_12233_a_1,1
train_5621_a,train_5621_a_1,1
train_1394_a,train_1394_a_1,1
train_16121_a,train_16121_a_1,1
train_17089_a,train_17089_a_1,1
train_17677_a,train_17677_a_1,1
train_13465_a,train_13465_a_1,1
train_19613_a,train_19613_a_1,1
train_1306_a,train_1306_a_1,1
train_17595_a,train_17595_a_1,1
train_17054_a,train_17054_a_1,1
train_14006_a,train_14006_a_1,1
train_2591_a,train_2591_a_1,1
train_13804_a,train_13804_a_1,1
train_13272_a,train_13272_a_1,1
train_1832_a,train_1832_a_1,1
train_3399_a,train_3399_a_1,1
train_19766_a,train_19766_a_1,1
train_1520_a,train_1520_a_1,1
train_12895_a,train_12895_a_1,1
train_18920_a,train_18920_a_1,1
train_4927_a,train_4927_a_1,1
train_1723_a,train_1723_a_1,1
train_13982_a,train_13982_a_1,1
train_8921_a,train_8921_a_1,1
train_15293_a,train_15293_a_1,1
train_11764_a,train_11764_a_1,1
train_19595_a,train_19595_a_1,1
train_6255_a,train_6255_a_1,1
train_13793_a,train_13793_a_1,1
train_16804_a,train_16804_a_1,1
train_7129_a,train_7129_a_1,1
train_11290_a,train_11290_a_1,1
train_6286_a,train_6286_a_1,1
train_10598_a,train_10598_a_1,1
train_9143_a,train_9143_a_1,1
train_11809_a,train_11809_a_1,1
train_11086_a,train_11086_a_1,1
train_13481_a,train_13481_a_1,1
train_5425_a,train_5425_a_1,1
train_8451_a,train_8451_a_1,1
train_2549_a,train_2549_a_1,1
train_6572_a,train_6572_a_1,1
train_1912_a,train_1912_a_1,1
train_12741_a,train_12741_a_1,1
train_17268_a,train_17268_a_1,1
train_5147_a,train_5147_a_1,1
train_17290_a,train_17290_a_1,1
train_14232_a,train_14232_a_1,1
train_12064_a,train_12064_a_1,1
train_10435_a,train_10435_a_1,1
train_18236_a,train_18236_a_1,1
train_10354_a,train_10354_a_1,1
train_5619_a,train_5619_a_1,1
train_8364_a,train_8364_a_1,1
train_19225_a,train_19225_a_1,1
train_6671_a,train_6671_a_1,1
train_15563_a,train_15563_a_1,1
train_2687_a,train_2687_a_1,1
train_4159_a,train_4159_a_1,1
train_11910_a,train_11910_a_1,1
train_17551_a,train_17551_a_1,1
train_5447_a,train_5447_a_1,1
train_11959_a,train_11959_a_1,1
train_10125_a,train_10125_a_1,1
train_5108_a,train_5108_a_1,1
train_12200_a,train_12200_a_1,1
train_10061_a,train_10061_a_1,1
train_8078_a,train_8078_a_1,1
train_9829_a,train_9829_a_1,1
train_4105_a,train_4105_a_1,1
train_14183_a,train_14183_a_1,1
train_6561_a,train_6561_a_1,1
train_8195_a,train_8195_a_1,1
train_17759_a,train_17759_a_1,1
train_8430_a,train_8430_a_1,1
train_18464_a,train_18464_a_1,1
train_8291_a,train_8291_a_1,1
train_5182_a,train_5182_a_1,1
train_10551_a,train_10551_a_1,1
train_4786_a,train_4786_a_1,1
train_18732_a,train_18732_a_1,1
train_19434_a,train_19434_a_1,1
train_14813_a,train_14813_a_1,1
train_7696_a,train_7696_a_1,1
train_5987_a,train_5987_a_1,1
train_1843_a,train_1843_a_1,1
train_7528_a,train_7528_a_1,1
train_19690_a,train_19690_a_1,1
train_1296_a,train_1296_a_1,1
train_11819_a,train_11819_a_1,1
train_11255_a,train_11255_a_1,1
train_10722_a,train_10722_a_1,1
train_15007_a,train_15007_a_1,1
train_11733_a,train_11733_a_1,1
train_6423_a,train_6423_a_1,1
train_2476_a,train_2476_a_1,1
train_7932_a,train_7932_a_1,1
train_18610_a,train_18610_a_1,1
train_14128_a,train_14128_a_1,1
train_4397_a,train_4397_a_1,1
train_1502_a,train_1502_a_1,1
train_11141_a,train_11141_a_1,1
train_8336_a,train_8336_a_1,1
train_6793_a,train_6793_a_1,1
train_16749_a,train_16749_a_1,1
train_14789_a,train_14789_a_1,1
train_6788_a,train_6788_a_1,1
train_12227_a,train_12227_a_1,1
train_18848_a,train_18848_a_1,1
train_8802_a,train_8802_a_1,1
train_8767_a,train_8767_a_1,1
train_10337_a,train_10337_a_1,1
train_5539_a,train_5539_a_1,1
train_7374_a,train_7374_a_1,1
train_19359_a,train_19359_a_1,1
train_1117_a,train_1117_a_1,1
train_8258_a,train_8258_a_1,1
train_247_a,train_247_a_1,1
train_14471_a,train_14471_a_1,1
train_14393_a,train_14393_a_1,1
train_9737_a,train_9737_a_1,1
train_16891_a,train_16891_a_1,1
train_18494_a,train_18494_a_1,1
train_3397_a,train_3397_a_1,1
train_1043_a,train_1043_a_1,1
train_11114_a,train_11114_a_1,1
train_11704_a,train_11704_a_1,1
train_7617_a,train_7617_a_1,1
train_9763_a,train_9763_a_1,1
train_11082_a,train_11082_a_1,1
train_11337_a,train_11337_a_1,1
train_7450_a,train_7450_a_1,1
train_7573_a,train_7573_a_1,1
train_5993_a,train_5993_a_1,1
train_19461_a,train_19461_a_1,1
train_7915_a,train_7915_a_1,1
train_14523_a,train_14523_a_1,1
train_3617_a,train_3617_a_1,1
train_14972_a,train_14972_a_1,1
train_1323_a,train_1323_a_1,1
train_18544_a,train_18544_a_1,1
train_9397_a,train_9397_a_1,1
train_12680_a,train_12680_a_1,1
train_13351_a,train_13351_a_1,1
train_1425_a,train_1425_a_1,1
train_15672_a,train_15672_a_1,1
train_3455_a,train_3455_a_1,1
train_6281_a,train_6281_a_1,1
train_4517_a,train_4517_a_1,1
train_8544_a,train_8544_a_1,1
train_10631_a,train_10631_a_1,1
train_16074_a,train_16074_a_1,1
train_2167_a,train_2167_a_1,1
train_6091_a,train_6091_a_1,1
train_14020_a,train_14020_a_1,1
train_7701_a,train_7701_a_1,1
train_12901_a,train_12901_a_1,1
train_12405_a,train_12405_a_1,1
train_12939_a,train_12939_a_1,1
train_19725_a,train_19725_a_1,1
train_4910_a,train_4910_a_1,1
train_9029_a,train_9029_a_1,1
train_16535_a,train_16535_a_1,1
train_8457_a,train_8457_a_1,1
train_8099_a,train_8099_a_1,1
train_2602_a,train_2602_a_1,1
train_3625_a,train_3625_a_1,1
train_7278_a,train_7278_a_1,1
train_14647_a,train_14647_a_1,1
train_16365_a,train_16365_a_1,1
train_17998_a,train_17998_a_1,1
train_14094_a,train_14094_a_1,1
train_10815_a,train_10815_a_1,1
train_6207_a,train_6207_a_1,1
train_14884_a,train_14884_a_1,1
train_7353_a,train_7353_a_1,1
train_14720_a,train_14720_a_1,1
train_7468_a,train_7468_a_1,1
train_17066_a,train_17066_a_1,1
train_12518_a,train_12518_a_1,1
train_1138_a,train_1138_a_1,1
train_6153_a,train_6153_a_1,1
train_15111_a,train_15111_a_1,1
train_6578_a,train_6578_a_1,1
train_1634_a,train_1634_a_1,1
train_14133_a,train_14133_a_1,1
train_9234_a,train_9234_a_1,1
train_12190_a,train_12190_a_1,1
train_19131_a,train_19131_a_1,1
train_16309_a,train_16309_a_1,1
train_17363_a,train_17363_a_1,1
train_17093_a,train_17093_a_1,1
train_13951_a,train_13951_a_1,1
train_13485_a,train_13485_a_1,1
train_18284_a,train_18284_a_1,1
train_13787_a,train_13787_a_1,1
train_1057_a,train_1057_a_1,1
train_802_a,train_802_a_1,1
train_14198_a,train_14198_a_1,1
train_11832_a,train_11832_a_1,1
train_4297_a,train_4297_a_1,1
train_18595_a,train_18595_a_1,1
train_13748_a,train_13748_a_1,1
train_4700_a,train_4700_a_1,1
train_11621_a,train_11621_a_1,1
train_13373_a,train_13373_a_1,1
train_4406_a,train_4406_a_1,1
train_11839_a,train_11839_a_1,1
train_394_a,train_394_a_1,1
train_16207_a,train_16207_a_1,1
train_8795_a,train_8795_a_1,1
train_15221_a,train_15221_a_1,1
train_18633_a,train_18633_a_1,1
train_7898_a,train_7898_a_1,1
train_5179_a,train_5179_a_1,1
train_2242_a,train_2242_a_1,1
train_3341_a,train_3341_a_1,1
train_14003_a,train_14003_a_1,1
train_2282_a,train_2282_a_1,1
train_3456_a,train_3456_a_1,1
train_6744_a,train_6744_a_1,1
train_18043_a,train_18043_a_1,1
train_15495_a,train_15495_a_1,1
train_5056_a,train_5056_a_1,1
train_7086_a,train_7086_a_1,1
train_1774_a,train_1774_a_1,1
train_4988_a,train_4988_a_1,1
train_1589_a,train_1589_a_1,1
train_12059_a,train_12059_a_1,1
train_16653_a,train_16653_a_1,1
train_17508_a,train_17508_a_1,1
train_11949_a,train_11949_a_1,1
train_16708_a,train_16708_a_1,1
train_17555_a,train_17555_a_1,1
train_10904_a,train_10904_a_1,1
train_15089_a,train_15089_a_1,1
train_10759_a,train_10759_a_1,1
train_2714_a,train_2714_a_1,1
train_5499_a,train_5499_a_1,1
train_15977_a,train_15977_a_1,1
train_9462_a,train_9462_a_1,1
train_5096_a,train_5096_a_1,1
train_3394_a,train_3394_a_1,1
train_13487_a,train_13487_a_1,1
train_507_a,train_507_a_1,1
train_6229_a,train_6229_a_1,1
train_17242_a,train_17242_a_1,1
train_2570_a,train_2570_a_1,1
train_13509_a,train_13509_a_1,1
train_7116_a,train_7116_a_1,1
train_11924_a,train_11924_a_1,1
train_8939_a,train_8939_a_1,1
train_1856_a,train_1856_a_1,1
train_17801_a,train_17801_a_1,1
train_1512_a,train_1512_a_1,1
train_16474_a,train_16474_a_1,1
train_2513_a,train_2513_a_1,1
train_907_a,train_907_a_1,1
train_17092_a,train_17092_a_1,1
train_17265_a,train_17265_a_1,1
train_3845_a,train_3845_a_1,1
train_11953_a,train_11953_a_1,1
train_19534_a,train_19534_a_1,1
train_4640_a,train_4640_a_1,1
train_13100_a,train_13100_a_1,1
train_3431_a,train_3431_a_1,1
train_3929_a,train_3929_a_1,1
train_12065_a,train_12065_a_1,1
train_16503_a,train_16503_a_1,1
train_8080_a,train_8080_a_1,1
train_5248_a,train_5248_a_1,1
train_6691_a,train_6691_a_1,1
train_11998_a,train_11998_a_1,1
train_1803_a,train_1803_a_1,1
train_2822_a,train_2822_a_1,1
train_2350_a,train_2350_a_1,1
train_4679_a,train_4679_a_1,1
train_15711_a,train_15711_a_1,1
train_5854_a,train_5854_a_1,1
train_14531_a,train_14531_a_1,1
train_4415_a,train_4415_a_1,1
train_305_a,train_305_a_1,1
train_15094_a,train_15094_a_1,1
train_18884_a,train_18884_a_1,1
train_7126_a,train_7126_a_1,1
train_15399_a,train_15399_a_1,1
train_16160_a,train_16160_a_1,1
train_12293_a,train_12293_a_1,1
train_2481_a,train_2481_a_1,1
train_12506_a,train_12506_a_1,1
train_11721_a,train_11721_a_1,1
train_464_a,train_464_a_1,1
train_4283_a,train_4283_a_1,1
train_14550_a,train_14550_a_1,1
train_15261_a,train_15261_a_1,1
train_10036_a,train_10036_a_1,1
train_6653_a,train_6653_a_1,1
train_6462_a,train_6462_a_1,1
train_2700_a,train_2700_a_1,1
train_16999_a,train_16999_a_1,1
train_10839_a,train_10839_a_1,1
train_8615_a,train_8615_a_1,1
train_7390_a,train_7390_a_1,1
train_13688_a,train_13688_a_1,1
train_5177_a,train_5177_a_1,1
train_11847_a,train_11847_a_1,1
train_7688_a,train_7688_a_1,1
train_11719_a,train_11719_a_1,1
train_14267_a,train_14267_a_1,1
train_20000_a,train_20000_a_1,1
train_3975_a,train_3975_a_1,1
train_14135_a,train_14135_a_1,1
train_16943_a,train_16943_a_1,1
train_8150_a,train_8150_a_1,1
train_3668_a,train_3668_a_1,1
train_16825_a,train_16825_a_1,1
train_18579_a,train_18579_a_1,1
train_14160_a,train_14160_a_1,1
train_2367_a,train_2367_a_1,1
train_16226_a,train_16226_a_1,1
train_1228_a,train_1228_a_1,1
train_6558_a,train_6558_a_1,1
train_10889_a,train_10889_a_1,1
train_5857_a,train_5857_a_1,1
train_7192_a,train_7192_a_1,1
train_4351_a,train_4351_a_1,1
train_562_a,train_562_a_1,1
train_17506_a,train_17506_a_1,1
train_17684_a,train_17684_a_1,1
train_8932_a,train_8932_a_1,1
train_6335_a,train_6335_a_1,1
train_711_a,train_711_a_1,1
train_16186_a,train_16186_a_1,1
train_16837_a,train_16837_a_1,1
train_5591_a,train_5591_a_1,1
train_11040_a,train_11040_a_1,1
train_8520_a,train_8520_a_1,1
train_13760_a,train_13760_a_1,1
train_14329_a,train_14329_a_1,1
train_5559_a,train_5559_a_1,1
train_15288_a,train_15288_a_1,1
train_12687_a,train_12687_a_1,1
train_19596_a,train_19596_a_1,1
train_13470_a,train_13470_a_1,1
train_2939_a,train_2939_a_1,1
train_8216_a,train_8216_a_1,1
train_7310_a,train_7310_a_1,1
train_3373_a,train_3373_a_1,1
train_18151_a,train_18151_a_1,1
train_15312_a,train_15312_a_1,1
train_2740_a,train_2740_a_1,1
train_6778_a,train_6778_a_1,1
train_15001_a,train_15001_a_1,1
train_8553_a,train_8553_a_1,1
train_15002_a,train_15002_a_1,1
train_14389_a,train_14389_a_1,1
train_12089_a,train_12089_a_1,1
train_13006_a,train_13006_a_1,1
train_2185_a,train_2185_a_1,1
train_7639_a,train_7639_a_1,1
train_15139_a,train_15139_a_1,1
train_10258_a,train_10258_a_1,1
train_15026_a,train_15026_a_1,1
train_523_a,train_523_a_1,1
train_18279_a,train_18279_a_1,1
train_15513_a,train_15513_a_1,1
train_5769_a,train_5769_a_1,1
train_5907_a,train_5907_a_1,1
train_15550_a,train_15550_a_1,1
train_19173_a,train_19173_a_1,1
train_16670_a,train_16670_a_1,1
train_12887_a,train_12887_a_1,1
train_18956_a,train_18956_a_1,1
train_13733_a,train_13733_a_1,1
train_15100_a,train_15100_a_1,1
train_13059_a,train_13059_a_1,1
train_6490_a,train_6490_a_1,1
train_18659_a,train_18659_a_1,1
train_11784_a,train_11784_a_1,1
train_4404_a,train_4404_a_1,1
train_4258_a,train_4258_a_1,1
train_10771_a,train_10771_a_1,1
train_12534_a,train_12534_a_1,1
train_169_a,train_169_a_1,1
train_16940_a,train_16940_a_1,1
train_9314_a,train_9314_a_1,1
train_11091_a,train_11091_a_1,1
train_17514_a,train_17514_a_1,1
train_13243_a,train_13243_a_1,1
train_283_a,train_283_a_1,1
train_13721_a,train_13721_a_1,1
train_13389_a,train_13389_a_1,1
train_5913_a,train_5913_a_1,1
train_5820_a,train_5820_a_1,1
train_12606_a,train_12606_a_1,1
train_10053_a,train_10053_a_1,1
train_5945_a,train_5945_a_1,1
train_1188_a,train_1188_a_1,1
train_6397_a,train_6397_a_1,1
train_6707_a,train_6707_a_1,1
train_1921_a,train_1921_a_1,1
train_13132_a,train_13132_a_1,1
train_12528_a,train_12528_a_1,1
train_9703_a,train_9703_a_1,1
train_5001_a,train_5001_a_1,1
train_657_a,train_657_a_1,1
train_14270_a,train_14270_a_1,1
train_6021_a,train_6021_a_1,1
train_5701_a,train_5701_a_1,1
train_4114_a,train_4114_a_1,1
train_19775_a,train_19775_a_1,1
train_1994_a,train_1994_a_1,1
train_11342_a,train_11342_a_1,1
train_1067_a,train_1067_a_1,1
train_337_a,train_337_a_1,1
train_4364_a,train_4364_a_1,1
train_1158_a,train_1158_a_1,1
train_12006_a,train_12006_a_1,1
train_4956_a,train_4956_a_1,1
train_11977_a,train_11977_a_1,1
train_2268_a,train_2268_a_1,1
train_18718_a,train_18718_a_1,1
train_4310_a,train_4310_a_1,1
train_10045_a,train_10045_a_1,1
train_17797_a,train_17797_a_1,1
train_18925_a,train_18925_a_1,1
train_9242_a,train_9242_a_1,1
train_1227_a,train_1227_a_1,1
train_9687_a,train_9687_a_1,1
train_10107_a,train_10107_a_1,1
train_1089_a,train_1089_a_1,1
train_19707_a,train_19707_a_1,1
train_11006_a,train_11006_a_1,1
train_13619_a,train_13619_a_1,1
train_2869_a,train_2869_a_1,1
train_12368_a,train_12368_a_1,1
train_9473_a,train_9473_a_1,1
train_3166_a,train_3166_a_1,1
train_9151_a,train_9151_a_1,1
train_3022_a,train_3022_a_1,1
train_16230_a,train_16230_a_1,1
train_9265_a,train_9265_a_1,1
train_17456_a,train_17456_a_1,1
train_15326_a,train_15326_a_1,1
train_17404_a,train_17404_a_1,1
train_13816_a,train_13816_a_1,1
train_2747_a,train_2747_a_1,1
train_8226_a,train_8226_a_1,1
train_12208_a,train_12208_a_1,1
train_17964_a,train_17964_a_1,1
train_2411_a,train_2411_a_1,1
train_3733_a,train_3733_a_1,1
train_8059_a,train_8059_a_1,1
train_3612_a,train_3612_a_1,1
train_9958_a,train_9958_a_1,1
train_6945_a,train_6945_a_1,1
train_11445_a,train_11445_a_1,1
train_18557_a,train_18557_a_1,1
train_18421_a,train_18421_a_1,1
train_14478_a,train_14478_a_1,1
train_16056_a,train_16056_a_1,1
train_16947_a,train_16947_a_1,1
train_10550_a,train_10550_a_1,1
train_12964_a,train_12964_a_1,1
train_15539_a,train_15539_a_1,1
train_18344_a,train_18344_a_1,1
train_9178_a,train_9178_a_1,1
train_2876_a,train_2876_a_1,1
train_8297_a,train_8297_a_1,1
train_3419_a,train_3419_a_1,1
train_17100_a,train_17100_a_1,1
train_13142_a,train_13142_a_1,1
train_7490_a,train_7490_a_1,1
train_11729_a,train_11729_a_1,1
train_4390_a,train_4390_a_1,1
train_2626_a,train_2626_a_1,1
train_11336_a,train_11336_a_1,1
train_11017_a,train_11017_a_1,1
train_12947_a,train_12947_a_1,1
train_9915_a,train_9915_a_1,1
train_12930_a,train_12930_a_1,1
train_11909_a,train_11909_a_1,1
train_13387_a,train_13387_a_1,1
train_15459_a,train_15459_a_1,1
train_1463_a,train_1463_a_1,1
train_2510_a,train_2510_a_1,1
train_6556_a,train_6556_a_1,1
train_2823_a,train_2823_a_1,1
train_19358_a,train_19358_a_1,1
train_1524_a,train_1524_a_1,1
train_14120_a,train_14120_a_1,1
train_2270_a,train_2270_a_1,1
train_9103_a,train_9103_a_1,1
train_3209_a,train_3209_a_1,1
train_10558_a,train_10558_a_1,1
train_9839_a,train_9839_a_1,1
train_17932_a,train_17932_a_1,1
train_4938_a,train_4938_a_1,1
train_9950_a,train_9950_a_1,1
train_6497_a,train_6497_a_1,1
train_9680_a,train_9680_a_1,1
train_15612_a,train_15612_a_1,1
train_1782_a,train_1782_a_1,1
train_606_a,train_606_a_1,1
train_1983_a,train_1983_a_1,1
train_17194_a,train_17194_a_1,1
train_344_a,train_344_a_1,1
train_4267_a,train_4267_a_1,1
train_10400_a,train_10400_a_1,1
train_10482_a,train_10482_a_1,1
train_1766_a,train_1766_a_1,1
train_11667_a,train_11667_a_1,1
train_11711_a,train_11711_a_1,1
train_5287_a,train_5287_a_1,1
train_348_a,train_348_a_1,1
train_6412_a,train_6412_a_1,1
train_4967_a,train_4967_a_1,1
train_5686_a,train_5686_a_1,1
train_9166_a,train_9166_a_1,1
train_13528_a,train_13528_a_1,1
train_1996_a,train_1996_a_1,1
train_12827_a,train_12827_a_1,1
train_13604_a,train_13604_a_1,1
train_5545_a,train_5545_a_1,1
train_10228_a,train_10228_a_1,1
train_3651_a,train_3651_a_1,1
train_11867_a,train_11867_a_1,1
train_1657_a,train_1657_a_1,1
train_10091_a,train_10091_a_1,1
train_80_a,train_80_a_1,1
train_19348_a,train_19348_a_1,1
train_2309_a,train_2309_a_1,1
train_3276_a,train_3276_a_1,1
train_18991_a,train_18991_a_1,1
train_14858_a,train_14858_a_1,1
train_3061_a,train_3061_a_1,1
train_2661_a,train_2661_a_1,1
train_4733_a,train_4733_a_1,1
train_16315_a,train_16315_a_1,1
train_3702_a,train_3702_a_1,1
train_13051_a,train_13051_a_1,1
train_10270_a,train_10270_a_1,1
train_7128_a,train_7128_a_1,1
train_14709_a,train_14709_a_1,1
train_19395_a,train_19395_a_1,1
train_8382_a,train_8382_a_1,1
train_16488_a,train_16488_a_1,1
train_18182_a,train_18182_a_1,1
train_13349_a,train_13349_a_1,1
train_1493_a,train_1493_a_1,1
train_8176_a,train_8176_a_1,1
train_17893_a,train_17893_a_1,1
train_19552_a,train_19552_a_1,1
train_11797_a,train_11797_a_1,1
train_13698_a,train_13698_a_1,1
train_446_a,train_446_a_1,1
train_19232_a,train_19232_a_1,1
train_5467_a,train_5467_a_1,1
train_14124_a,train_14124_a_1,1
train_15040_a,train_15040_a_1,1
train_7670_a,train_7670_a_1,1
train_16772_a,train_16772_a_1,1
train_7003_a,train_7003_a_1,1
train_3434_a,train_3434_a_1,1
train_414_a,train_414_a_1,1
train_7115_a,train_7115_a_1,1
train_4723_a,train_4723_a_1,1
train_6956_a,train_6956_a_1,1
train_12664_a,train_12664_a_1,1
train_10954_a,train_10954_a_1,1
train_11783_a,train_11783_a_1,1
train_8164_a,train_8164_a_1,1
train_4720_a,train_4720_a_1,1
train_4871_a,train_4871_a_1,1
train_10120_a,train_10120_a_1,1
train_9991_a,train_9991_a_1,1
train_15253_a,train_15253_a_1,1
train_10519_a,train_10519_a_1,1
train_11260_a,train_11260_a_1,1
train_4793_a,train_4793_a_1,1
train_12781_a,train_12781_a_1,1
train_6644_a,train_6644_a_1,1
train_16696_a,train_16696_a_1,1
train_10932_a,train_10932_a_1,1
train_15997_a,train_15997_a_1,1
train_883_a,train_883_a_1,1
train_19759_a,train_19759_a_1,1
train_15161_a,train_15161_a_1,1
train_14794_a,train_14794_a_1,1
train_11987_a,train_11987_a_1,1
train_16232_a,train_16232_a_1,1
train_545_a,train_545_a_1,1
train_18535_a,train_18535_a_1,1
train_13081_a,train_13081_a_1,1
train_12343_a,train_12343_a_1,1
train_4382_a,train_4382_a_1,1
train_13233_a,train_13233_a_1,1
train_18424_a,train_18424_a_1,1
train_1668_a,train_1668_a_1,1
train_12667_a,train_12667_a_1,1
train_3285_a,train_3285_a_1,1
train_12439_a,train_12439_a_1,1
train_12213_a,train_12213_a_1,1
train_13740_a,train_13740_a_1,1
train_10972_a,train_10972_a_1,1
train_19142_a,train_19142_a_1,1
train_19648_a,train_19648_a_1,1
train_10088_a,train_10088_a_1,1
train_15155_a,train_15155_a_1,1
train_4791_a,train_4791_a_1,1
train_3757_a,train_3757_a_1,1
train_6095_a,train_6095_a_1,1
train_14944_a,train_14944_a_1,1
train_4071_a,train_4071_a_1,1
train_4032_a,train_4032_a_1,1
train_16989_a,train_16989_a_1,1
train_5009_a,train_5009_a_1,1
train_3960_a,train_3960_a_1,1
train_3863_a,train_3863_a_1,1
train_7108_a,train_7108_a_1,1
train_16912_a,train_16912_a_1,1
train_10740_a,train_10740_a_1,1
train_11596_a,train_11596_a_1,1
train_5261_a,train_5261_a_1,1
train_4985_a,train_4985_a_1,1
train_17913_a,train_17913_a_1,1
train_326_a,train_326_a_1,1
train_14517_a,train_14517_a_1,1
train_15363_a,train_15363_a_1,1
train_3766_a,train_3766_a_1,1
train_985_a,train_985_a_1,1
train_12558_a,train_12558_a_1,1
train_19618_a,train_19618_a_1,1
train_7773_a,train_7773_a_1,1
train_11304_a,train_11304_a_1,1
train_13833_a,train_13833_a_1,1
train_15911_a,train_15911_a_1,1
train_5323_a,train_5323_a_1,1
train_9336_a,train_9336_a_1,1
train_11556_a,train_11556_a_1,1
train_10698_a,train_10698_a_1,1
train_4347_a,train_4347_a_1,1
train_2118_a,train_2118_a_1,1
train_589_a,train_589_a_1,1
train_6048_a,train_6048_a_1,1
train_14774_a,train_14774_a_1,1
train_12946_a,train_12946_a_1,1
train_4549_a,train_4549_a_1,1
train_3539_a,train_3539_a_1,1
train_1088_a,train_1088_a_1,1
train_2401_a,train_2401_a_1,1
train_722_a,train_722_a_1,1
train_4769_a,train_4769_a_1,1
train_2086_a,train_2086_a_1,1
train_11242_a,train_11242_a_1,1
train_3009_a,train_3009_a_1,1
train_746_a,train_746_a_1,1
train_12469_a,train_12469_a_1,1
train_15730_a,train_15730_a_1,1
train_12589_a,train_12589_a_1,1
train_10409_a,train_10409_a_1,1
train_3980_a,train_3980_a_1,1
train_19889_a,train_19889_a_1,1
train_130_a,train_130_a_1,1
train_11249_a,train_11249_a_1,1
train_11094_a,train_11094_a_1,1
train_9203_a,train_9203_a_1,1
train_11626_a,train_11626_a_1,1
train_18505_a,train_18505_a_1,1
train_9041_a,train_9041_a_1,1
train_11372_a,train_11372_a_1,1
train_14830_a,train_14830_a_1,1
train_90_a,train_90_a_1,1
train_7950_a,train_7950_a_1,1
train_6705_a,train_6705_a_1,1
train_8964_a,train_8964_a_1,1
train_4504_a,train_4504_a_1,1
train_17975_a,train_17975_a_1,1
train_15233_a,train_15233_a_1,1
train_16385_a,train_16385_a_1,1
train_3695_a,train_3695_a_1,1
train_17831_a,train_17831_a_1,1
train_6702_a,train_6702_a_1,1
train_14957_a,train_14957_a_1,1
train_1154_a,train_1154_a_1,1
train_9875_a,train_9875_a_1,1
train_7489_a,train_7489_a_1,1
train_12365_a,train_12365_a_1,1
train_11474_a,train_11474_a_1,1
train_18439_a,train_18439_a_1,1
train_18700_a,train_18700_a_1,1
train_8280_a,train_8280_a_1,1
train_2360_a,train_2360_a_1,1
train_564_a,train_564_a_1,1
train_15590_a,train_15590_a_1,1
train_19271_a,train_19271_a_1,1
train_16231_a,train_16231_a_1,1
train_14466_a,train_14466_a_1,1
train_18161_a,train_18161_a_1,1
train_18751_a,train_18751_a_1,1
train_18458_a,train_18458_a_1,1
train_17519_a,train_17519_a_1,1
train_15720_a,train_15720_a_1,1
train_3490_a,train_3490_a_1,1
train_2130_a,train_2130_a_1,1
train_17224_a,train_17224_a_1,1
train_18930_a,train_18930_a_1,1
train_8009_a,train_8009_a_1,1
train_9862_a,train_9862_a_1,1
train_4015_a,train_4015_a_1,1
train_19402_a,train_19402_a_1,1
train_505_a,train_505_a_1,1
train_17172_a,train_17172_a_1,1
train_5898_a,train_5898_a_1,1
train_18744_a,train_18744_a_1,1
train_9368_a,train_9368_a_1,1
train_4545_a,train_4545_a_1,1
train_13519_a,train_13519_a_1,1
train_12056_a,train_12056_a_1,1
train_15502_a,train_15502_a_1,1
train_15859_a,train_15859_a_1,1
train_8775_a,train_8775_a_1,1
train_13479_a,train_13479_a_1,1
train_14654_a,train_14654_a_1,1
train_11889_a,train_11889_a_1,1
train_8439_a,train_8439_a_1,1
train_918_a,train_918_a_1,1
train_18796_a,train_18796_a_1,1
train_18989_a,train_18989_a_1,1
train_12576_a,train_12576_a_1,1
train_14591_a,train_14591_a_1,1
train_4467_a,train_4467_a_1,1
train_19603_a,train_19603_a_1,1
train_18657_a,train_18657_a_1,1
train_12622_a,train_12622_a_1,1
train_16192_a,train_16192_a_1,1
train_18600_a,train_18600_a_1,1
train_17774_a,train_17774_a_1,1
train_14610_a,train_14610_a_1,1
train_8221_a,train_8221_a_1,1
train_18761_a,train_18761_a_1,1
train_9384_a,train_9384_a_1,1
train_1975_a,train_1975_a_1,1
train_19905_a,train_19905_a_1,1
train_7319_a,train_7319_a_1,1
train_17289_a,train_17289_a_1,1
train_19218_a,train_19218_a_1,1
train_1125_a,train_1125_a_1,1
train_9130_a,train_9130_a_1,1
train_498_a,train_498_a_1,1
train_8509_a,train_8509_a_1,1
train_2115_a,train_2115_a_1,1
train_2752_a,train_2752_a_1,1
train_3082_a,train_3082_a_1,1
train_3739_a,train_3739_a_1,1
train_11283_a,train_11283_a_1,1
train_7663_a,train_7663_a_1,1
train_403_a,train_403_a_1,1
train_9660_a,train_9660_a_1,1
train_4565_a,train_4565_a_1,1
train_13713_a,train_13713_a_1,1
train_360_a,train_360_a_1,1
train_5382_a,train_5382_a_1,1
train_13559_a,train_13559_a_1,1
train_12838_a,train_12838_a_1,1
train_17896_a,train_17896_a_1,1
train_19317_a,train_19317_a_1,1
train_10243_a,train_10243_a_1,1
train_10861_a,train_10861_a_1,1
train_13501_a,train_13501_a_1,1
train_17671_a,train_17671_a_1,1
train_7572_a,train_7572_a_1,1
train_8158_a,train_8158_a_1,1
train_7960_a,train_7960_a_1,1
train_10376_a,train_10376_a_1,1
train_8805_a,train_8805_a_1,1
train_17972_a,train_17972_a_1,1
train_5379_a,train_5379_a_1,1
train_8005_a,train_8005_a_1,1
train_11798_a,train_11798_a_1,1
train_5789_a,train_5789_a_1,1
train_14402_a,train_14402_a_1,1
train_3367_a,train_3367_a_1,1
train_6738_a,train_6738_a_1,1
train_11610_a,train_11610_a_1,1
train_5741_a,train_5741_a_1,1
train_19377_a,train_19377_a_1,1
train_9891_a,train_9891_a_1,1
train_18800_a,train_18800_a_1,1
train_15298_a,train_15298_a_1,1
train_1107_a,train_1107_a_1,1
train_4556_a,train_4556_a_1,1
train_2327_a,train_2327_a_1,1
train_10710_a,train_10710_a_1,1
train_14067_a,train_14067_a_1,1
train_83_a,train_83_a_1,1
train_15990_a,train_15990_a_1,1
train_4947_a,train_4947_a_1,1
train_11948_a,train_11948_a_1,1
train_11085_a,train_11085_a_1,1
train_17731_a,train_17731_a_1,1
train_8648_a,train_8648_a_1,1
train_19927_a,train_19927_a_1,1
train_12908_a,train_12908_a_1,1
train_17305_a,train_17305_a_1,1
train_3808_a,train_3808_a_1,1
train_14315_a,train_14315_a_1,1
train_8410_a,train_8410_a_1,1
train_7749_a,train_7749_a_1,1
train_18079_a,train_18079_a_1,1
train_13692_a,train_13692_a_1,1
train_34_a,train_34_a_1,1
train_5792_a,train_5792_a_1,1
train_951_a,train_951_a_1,1
train_1095_a,train_1095_a_1,1
train_8220_a,train_8220_a_1,1
train_1679_a,train_1679_a_1,1
train_982_a,train_982_a_1,1
train_11997_a,train_11997_a_1,1
train_13894_a,train_13894_a_1,1
train_18306_a,train_18306_a_1,1
train_17963_a,train_17963_a_1,1
train_19895_a,train_19895_a_1,1
train_10750_a,train_10750_a_1,1
train_13095_a,train_13095_a_1,1
train_2418_a,train_2418_a_1,1
train_9796_a,train_9796_a_1,1
train_9198_a,train_9198_a_1,1
train_16077_a,train_16077_a_1,1
train_8038_a,train_8038_a_1,1
train_14576_a,train_14576_a_1,1
train_17648_a,train_17648_a_1,1
train_19375_a,train_19375_a_1,1
train_19753_a,train_19753_a_1,1
train_1819_a,train_1819_a_1,1
train_1936_a,train_1936_a_1,1
train_10086_a,train_10086_a_1,1
train_15079_a,train_15079_a_1,1
train_436_a,train_436_a_1,1
train_18763_a,train_18763_a_1,1
train_19779_a,train_19779_a_1,1
train_9834_a,train_9834_a_1,1
train_9288_a,train_9288_a_1,1
train_7092_a,train_7092_a_1,1
train_16213_a,train_16213_a_1,1
train_11991_a,train_11991_a_1,1
train_19038_a,train_19038_a_1,1
train_5412_a,train_5412_a_1,1
train_20_a,train_20_a_1,1
train_6_a,train_6_a_1,1
train_4729_a,train_4729_a_1,1
train_15728_a,train_15728_a_1,1
train_7184_a,train_7184_a_1,1
train_3369_a,train_3369_a_1,1
train_18609_a,train_18609_a_1,1
train_480_a,train_480_a_1,1
train_9334_a,train_9334_a_1,1
train_6139_a,train_6139_a_1,1
train_10158_a,train_10158_a_1,1
train_5095_a,train_5095_a_1,1
train_3469_a,train_3469_a_1,1
train_12032_a,train_12032_a_1,1
train_15113_a,train_15113_a_1,1
train_9893_a,train_9893_a_1,1
train_2343_a,train_2343_a_1,1
train_13217_a,train_13217_a_1,1
train_325_a,train_325_a_1,1
train_16182_a,train_16182_a_1,1
train_2541_a,train_2541_a_1,1
train_1178_a,train_1178_a_1,1
train_11347_a,train_11347_a_1,1
train_11078_a,train_11078_a_1,1
train_8824_a,train_8824_a_1,1
train_9382_a,train_9382_a_1,1
train_13895_a,train_13895_a_1,1
train_9307_a,train_9307_a_1,1
train_10569_a,train_10569_a_1,1
train_4299_a,train_4299_a_1,1
train_10490_a,train_10490_a_1,1
train_10363_a,train_10363_a_1,1
train_5864_a,train_5864_a_1,1
train_10322_a,train_10322_a_1,1
train_1586_a,train_1586_a_1,1
train_9619_a,train_9619_a_1,1
train_3795_a,train_3795_a_1,1
train_12877_a,train_12877_a_1,1
train_12062_a,train_12062_a_1,1
train_4241_a,train_4241_a_1,1
train_12851_a,train_12851_a_1,1
train_7526_a,train_7526_a_1,1
train_17327_a,train_17327_a_1,1
train_7817_a,train_7817_a_1,1
train_6118_a,train_6118_a_1,1
train_6193_a,train_6193_a_1,1
train_18523_a,train_18523_a_1,1
train_19075_a,train_19075_a_1,1
train_11736_a,train_11736_a_1,1
train_5503_a,train_5503_a_1,1
train_8536_a,train_8536_a_1,1
train_19988_a,train_19988_a_1,1
train_11149_a,train_11149_a_1,1
train_19572_a,train_19572_a_1,1
train_1648_a,train_1648_a_1,1
train_12108_a,train_12108_a_1,1
train_3121_a,train_3121_a_1,1
train_13192_a,train_13192_a_1,1
train_7781_a,train_7781_a_1,1
train_15003_a,train_15003_a_1,1
train_17481_a,train_17481_a_1,1
train_19421_a,train_19421_a_1,1
train_1429_a,train_1429_a_1,1
train_9110_a,train_9110_a_1,1
train_4773_a,train_4773_a_1,1
train_16576_a,train_16576_a_1,1
train_434_a,train_434_a_1,1
train_13460_a,train_13460_a_1,1
train_10193_a,train_10193_a_1,1
train_6086_a,train_6086_a_1,1
train_1649_a,train_1649_a_1,1
train_16211_a,train_16211_a_1,1
train_16554_a,train_16554_a_1,1
train_10471_a,train_10471_a_1,1
train_9689_a,train_9689_a_1,1
train_16141_a,train_16141_a_1,1
train_11805_a,train_11805_a_1,1
train_6221_a,train_6221_a_1,1
train_19088_a,train_19088_a_1,1
train_17241_a,train_17241_a_1,1
train_15646_a,train_15646_a_1,1
train_15899_a,train_15899_a_1,1
train_12394_a,train_12394_a_1,1
train_9138_a,train_9138_a_1,1
train_120_a,train_120_a_1,1
train_10774_a,train_10774_a_1,1
train_16070_a,train_16070_a_1,1
train_12298_a,train_12298_a_1,1
train_12759_a,train_12759_a_1,1
train_9249_a,train_9249_a_1,1
train_10026_a,train_10026_a_1,1
train_35_a,train_35_a_1,1
train_16122_a,train_16122_a_1,1
train_1366_a,train_1366_a_1,1
train_1339_a,train_1339_a_1,1
train_16845_a,train_16845_a_1,1
train_6028_a,train_6028_a_1,1
train_7326_a,train_7326_a_1,1
train_17872_a,train_17872_a_1,1
train_18686_a,train_18686_a_1,1
train_7583_a,train_7583_a_1,1
train_1632_a,train_1632_a_1,1
train_4356_a,train_4356_a_1,1
train_7709_a,train_7709_a_1,1
train_17235_a,train_17235_a_1,1
train_11308_a,train_11308_a_1,1
train_7714_a,train_7714_a_1,1
train_14218_a,train_14218_a_1,1
train_15085_a,train_15085_a_1,1
train_18721_a,train_18721_a_1,1
train_2956_a,train_2956_a_1,1
train_11750_a,train_11750_a_1,1
train_13534_a,train_13534_a_1,1
train_13129_a,train_13129_a_1,1
train_5038_a,train_5038_a_1,1
train_12351_a,train_12351_a_1,1
train_14776_a,train_14776_a_1,1
train_12473_a,train_12473_a_1,1
train_4021_a,train_4021_a_1,1
train_11011_a,train_11011_a_1,1
train_17762_a,train_17762_a_1,1
train_14336_a,train_14336_a_1,1
train_8046_a,train_8046_a_1,1
train_13003_a,train_13003_a_1,1
train_6276_a,train_6276_a_1,1
train_953_a,train_953_a_1,1
train_2000_a,train_2000_a_1,1
train_4763_a,train_4763_a_1,1
train_304_a,train_304_a_1,1
train_6381_a,train_6381_a_1,1
train_19607_a,train_19607_a_1,1
train_2495_a,train_2495_a_1,1
train_8881_a,train_8881_a_1,1
train_17444_a,train_17444_a_1,1
train_9756_a,train_9756_a_1,1
train_8301_a,train_8301_a_1,1
train_9220_a,train_9220_a_1,1
train_10632_a,train_10632_a_1,1
train_3899_a,train_3899_a_1,1
train_1913_a,train_1913_a_1,1
train_6044_a,train_6044_a_1,1
train_8243_a,train_8243_a_1,1
train_1879_a,train_1879_a_1,1
train_8103_a,train_8103_a_1,1
train_9506_a,train_9506_a_1,1
train_12855_a,train_12855_a_1,1
train_4713_a,train_4713_a_1,1
train_11351_a,train_11351_a_1,1
train_10317_a,train_10317_a_1,1
train_15043_a,train_15043_a_1,1
train_19656_a,train_19656_a_1,1
train_5046_a,train_5046_a_1,1
train_13251_a,train_13251_a_1,1
train_9615_a,train_9615_a_1,1
train_4651_a,train_4651_a_1,1
train_4126_a,train_4126_a_1,1
train_7258_a,train_7258_a_1,1
train_5165_a,train_5165_a_1,1
train_5492_a,train_5492_a_1,1
train_2806_a,train_2806_a_1,1
train_2569_a,train_2569_a_1,1
train_9428_a,train_9428_a_1,1
train_18402_a,train_18402_a_1,1
train_5964_a,train_5964_a_1,1
train_9306_a,train_9306_a_1,1
train_5804_a,train_5804_a_1,1
train_3867_a,train_3867_a_1,1
train_10591_a,train_10591_a_1,1
train_11656_a,train_11656_a_1,1
train_10705_a,train_10705_a_1,1
train_1255_a,train_1255_a_1,1
train_11496_a,train_11496_a_1,1
train_19287_a,train_19287_a_1,1
train_6547_a,train_6547_a_1,1
train_8799_a,train_8799_a_1,1
train_8604_a,train_8604_a_1,1
train_3827_a,train_3827_a_1,1
train_9538_a,train_9538_a_1,1
train_1527_a,train_1527_a_1,1
train_16937_a,train_16937_a_1,1
train_19458_a,train_19458_a_1,1
train_16846_a,train_16846_a_1,1
train_9924_a,train_9924_a_1,1
train_15626_a,train_15626_a_1,1
train_1356_a,train_1356_a_1,1
train_16908_a,train_16908_a_1,1
train_16046_a,train_16046_a_1,1
train_12333_a,train_12333_a_1,1
train_8983_a,train_8983_a_1,1
train_10002_a,train_10002_a_1,1
train_7367_a,train_7367_a_1,1
train_4117_a,train_4117_a_1,1
train_19811_a,train_19811_a_1,1
train_17352_a,train_17352_a_1,1
train_8592_a,train_8592_a_1,1
train_14732_a,train_14732_a_1,1
train_18488_a,train_18488_a_1,1
train_107_a,train_107_a_1,1
train_15479_a,train_15479_a_1,1
train_13447_a,train_13447_a_1,1
train_18518_a,train_18518_a_1,1
train_1817_a,train_1817_a_1,1
train_12283_a,train_12283_a_1,1
train_18823_a,train_18823_a_1,1
train_759_a,train_759_a_1,1
train_14733_a,train_14733_a_1,1
train_6795_a,train_6795_a_1,1
train_3694_a,train_3694_a_1,1
train_19428_a,train_19428_a_1,1
train_11532_a,train_11532_a_1,1
train_17284_a,train_17284_a_1,1
train_11652_a,train_11652_a_1,1
train_13399_a,train_13399_a_1,1
train_12846_a,train_12846_a_1,1
train_15527_a,train_15527_a_1,1
train_14995_a,train_14995_a_1,1
train_14090_a,train_14090_a_1,1
train_3916_a,train_3916_a_1,1
train_499_a,train_499_a_1,1
train_19260_a,train_19260_a_1,1
train_2497_a,train_2497_a_1,1
train_19459_a,train_19459_a_1,1
train_18276_a,train_18276_a_1,1
train_9179_a,train_9179_a_1,1
train_14949_a,train_14949_a_1,1
train_409_a,train_409_a_1,1
train_9942_a,train_9942_a_1,1
train_17144_a,train_17144_a_1,1
train_4524_a,train_4524_a_1,1
train_6673_a,train_6673_a_1,1
train_18117_a,train_18117_a_1,1
train_12753_a,train_12753_a_1,1
train_14948_a,train_14948_a_1,1
train_1324_a,train_1324_a_1,1
train_7493_a,train_7493_a_1,1
train_12603_a,train_12603_a_1,1
train_8321_a,train_8321_a_1,1
train_9193_a,train_9193_a_1,1
train_14557_a,train_14557_a_1,1
train_4438_a,train_4438_a_1,1
train_18475_a,train_18475_a_1,1
train_19124_a,train_19124_a_1,1
train_7010_a,train_7010_a_1,1
train_8944_a,train_8944_a_1,1
train_10388_a,train_10388_a_1,1
train_11344_a,train_11344_a_1,1
train_1451_a,train_1451_a_1,1
train_15336_a,train_15336_a_1,1
train_6500_a,train_6500_a_1,1
train_14626_a,train_14626_a_1,1
train_9802_a,train_9802_a_1,1
train_1980_a,train_1980_a_1,1
train_9621_a,train_9621_a_1,1
train_2366_a,train_2366_a_1,1
train_3315_a,train_3315_a_1,1
train_7978_a,train_7978_a_1,1
train_15849_a,train_15849_a_1,1
train_887_a,train_887_a_1,1
train_11699_a,train_11699_a_1,1
train_10796_a,train_10796_a_1,1
train_16855_a,train_16855_a_1,1
train_10920_a,train_10920_a_1,1
train_18348_a,train_18348_a_1,1
train_3007_a,train_3007_a_1,1
train_16953_a,train_16953_a_1,1
train_7666_a,train_7666_a_1,1
train_14905_a,train_14905_a_1,1
train_3973_a,train_3973_a_1,1
train_978_a,train_978_a_1,1
train_14452_a,train_14452_a_1,1
train_6834_a,train_6834_a_1,1
train_343_a,train_343_a_1,1
train_1179_a,train_1179_a_1,1
train_10650_a,train_10650_a_1,1
train_16713_a,train_16713_a_1,1
train_7028_a,train_7028_a_1,1
train_515_a,train_515_a_1,1
train_18123_a,train_18123_a_1,1
train_4300_a,train_4300_a_1,1
train_15543_a,train_15543_a_1,1
train_6256_a,train_6256_a_1,1
train_4130_a,train_4130_a_1,1
train_15753_a,train_15753_a_1,1
train_10206_a,train_10206_a_1,1
train_920_a,train_920_a_1,1
train_14253_a,train_14253_a_1,1
train_2929_a,train_2929_a_1,1
train_660_a,train_660_a_1,1
train_2647_a,train_2647_a_1,1
train_15126_a,train_15126_a_1,1
train_9822_a,train_9822_a_1,1
train_7510_a,train_7510_a_1,1
train_7949_a,train_7949_a_1,1
train_19496_a,train_19496_a_1,1
train_14498_a,train_14498_a_1,1
train_13871_a,train_13871_a_1,1
train_1954_a,train_1954_a_1,1
train_13450_a,train_13450_a_1,1
train_7669_a,train_7669_a_1,1
train_17271_a,train_17271_a_1,1
train_16605_a,train_16605_a_1,1
train_16085_a,train_16085_a_1,1
train_10645_a,train_10645_a_1,1
train_1870_a,train_1870_a_1,1
train_6928_a,train_6928_a_1,1
train_4377_a,train_4377_a_1,1
train_12249_a,train_12249_a_1,1
train_16496_a,train_16496_a_1,1
train_18012_a,train_18012_a_1,1
train_5067_a,train_5067_a_1,1
train_460_a,train_460_a_1,1
train_2196_a,train_2196_a_1,1
train_10417_a,train_10417_a_1,1
train_1526_a,train_1526_a_1,1
train_3075_a,train_3075_a_1,1
train_13504_a,train_13504_a_1,1
train_14658_a,train_14658_a_1,1
train_15872_a,train_15872_a_1,1
train_6675_a,train_6675_a_1,1
train_13415_a,train_13415_a_1,1
train_8965_a,train_8965_a_1,1
train_16250_a,train_16250_a_1,1
train_2828_a,train_2828_a_1,1
train_9748_a,train_9748_a_1,1
train_3790_a,train_3790_a_1,1
train_661_a,train_661_a_1,1
train_17205_a,train_17205_a_1,1
train_4898_a,train_4898_a_1,1
train_2985_a,train_2985_a_1,1
train_2801_a,train_2801_a_1,1
train_1945_a,train_1945_a_1,1
train_16539_a,train_16539_a_1,1
train_13250_a,train_13250_a_1,1
train_3579_a,train_3579_a_1,1
train_9902_a,train_9902_a_1,1
train_17808_a,train_17808_a_1,1
train_13930_a,train_13930_a_1,1
train_6333_a,train_6333_a_1,1
train_14855_a,train_14855_a_1,1
train_1778_a,train_1778_a_1,1
train_11773_a,train_11773_a_1,1
train_19792_a,train_19792_a_1,1
train_7404_a,train_7404_a_1,1
train_2505_a,train_2505_a_1,1
train_277_a,train_277_a_1,1
train_8250_a,train_8250_a_1,1
train_9912_a,train_9912_a_1,1
train_12122_a,train_12122_a_1,1
train_17851_a,train_17851_a_1,1
train_4512_a,train_4512_a_1,1
train_3890_a,train_3890_a_1,1
train_6810_a,train_6810_a_1,1
train_13554_a,train_13554_a_1,1
train_10733_a,train_10733_a_1,1
train_10389_a,train_10389_a_1,1
train_4627_a,train_4627_a_1,1
train_9337_a,train_9337_a_1,1
train_11314_a,train_11314_a_1,1
train_3173_a,train_3173_a_1,1
train_11845_a,train_11845_a_1,1
train_2446_a,train_2446_a_1,1
